time_elapsed,pos1,pos2,pos3,torque1,torque2,torque3
14,0.00518,-3.918818,0.006727,0.008087,18.666325,-4.744738
14.01,0.005175,-3.918821,0.006711,0.010742,18.705347,-4.739268
14.02,0.00517,-3.918824,0.00669,0.013377,18.74413,-4.733829
14.03,0.005165,-3.918826,0.006664,0.015991,18.78269,-4.728419
14.04,0.005161,-3.918827,0.006633,0.018585,18.82104,-4.723035
14.05,0.005157,-3.918826,0.006596,0.021159,18.859196,-4.717674
14.061,0.005153,-3.918822,0.006555,0.023712,18.897173,-4.712334
14.07,0.005153,-3.918822,0.006555,0.023712,18.897173,-4.712334
14.08,0.005147,-3.918806,0.006458,0.028757,18.972644,-4.701707
14.09,0.005144,-3.918793,0.006402,0.031249,19.010167,-4.696415
14.1,0.005144,-3.918793,0.006402,0.031249,19.010167,-4.696415
14.11,0.005141,-3.918775,0.006341,0.033721,19.047569,-4.691134
14.12,0.005139,-3.918752,0.006275,0.036171,19.084862,-4.685861
14.13,0.005137,-3.918724,0.006205,0.038601,19.122061,-4.680594
14.14,0.005135,-3.91869,0.006129,0.041011,19.159179,-4.675331
14.15,0.005133,-3.918649,0.006049,0.043399,19.196231,-4.67007
14.16,0.005132,-3.918602,0.005964,0.045766,19.23323,-4.664807
14.17,0.005131,-3.918547,0.005875,0.048113,19.270189,-4.659541
14.18,0.005131,-3.918484,0.005781,0.050438,19.307122,-4.654269
14.19,0.00513,-3.918413,0.005682,0.052742,19.344042,-4.64899
14.2,0.00513,-3.918333,0.005579,0.055024,19.380962,-4.6437
14.21,0.00513,-3.918244,0.005472,0.057285,19.417896,-4.638397
14.22,0.00513,-3.918145,0.00536,0.059524,19.454856,-4.63308
14.23,0.005131,-3.918035,0.005243,0.061741,19.491856,-4.627746
14.24,0.005132,-3.917915,0.005123,0.063937,19.528907,-4.622393
14.25,0.005133,-3.917783,0.004998,0.06611,19.566023,-4.617018
14.26,0.005134,-3.91764,0.004869,0.068261,19.603216,-4.61162
14.27,0.005136,-3.917485,0.004736,0.070389,19.640498,-4.606196
14.28,0.005137,-3.917317,0.004599,0.072495,19.677881,-4.600744
14.29,0.005139,-3.917136,0.004458,0.074578,19.715379,-4.595263
14.3,0.005142,-3.916941,0.004313,0.076638,19.753002,-4.589749
14.31,0.005144,-3.916733,0.004164,0.078675,19.790762,-4.584202
14.32,0.005147,-3.91651,0.004012,0.080689,19.828672,-4.578618
14.33,0.00515,-3.916272,0.003855,0.082679,19.866743,-4.572996
14.34,0.005153,-3.916019,0.003696,0.084646,19.904986,-4.567333
14.35,0.005157,-3.91575,0.003533,0.086588,19.943414,-4.561629
14.36,0.00516,-3.915465,0.003366,0.088507,19.982036,-4.55588
14.37,0.005164,-3.915163,0.003196,0.090401,20.020864,-4.550085
14.38,0.005168,-3.914844,0.003023,0.09227,20.05991,-4.544241
14.39,0.005172,-3.914508,0.002847,0.094115,20.099183,-4.538347
14.4,0.005177,-3.914154,0.002668,0.095935,20.138696,-4.532401
14.41,0.005181,-3.913781,0.002486,0.09773,20.178457,-4.5264
14.42,0.005186,-3.91339,0.002301,0.0995,20.218479,-4.520343
14.43,0.005191,-3.91298,0.002113,0.101244,20.258771,-4.514229
14.44,0.005196,-3.91255,0.001923,0.102962,20.299343,-4.508054
14.45,0.005201,-3.9121,0.00173,0.104654,20.340205,-4.501817
14.46,0.005207,-3.91163,0.001534,0.10632,20.381368,-4.495516
14.47,0.005213,-3.911139,0.001336,0.107959,20.422841,-4.489149
14.48,0.005218,-3.910627,0.001136,0.109571,20.464634,-4.482715
14.49,0.005224,-3.910093,0.000934,0.111157,20.506756,-4.476211
14.5,0.005231,-3.909537,0.00073,0.112715,20.549217,-4.469635
14.51,0.005237,-3.908959,0.000524,0.114246,20.592025,-4.462987
14.52,0.005243,-3.908358,0.000316,0.115749,20.635191,-4.456262
14.53,0.00525,-3.907735,0.000106,0.117224,20.678722,-4.449461
14.54,0.005256,-3.907087,-0.000106,0.118671,20.722628,-4.442581
14.55,0.005263,-3.906416,-0.000318,0.12009,20.766917,-4.43562
14.56,0.00527,-3.90572,-0.000533,0.12148,20.811598,-4.428576
14.57,0.005277,-3.905,-0.000748,0.12284,20.856679,-4.421447
14.58,0.005284,-3.904255,-0.000965,0.124172,20.902169,-4.414233
14.59,0.005292,-3.903485,-0.001183,0.125474,20.948074,-4.40693
14.6,0.005299,-3.902688,-0.001401,0.126746,20.994404,-4.399537
14.61,0.005306,-3.901866,-0.001621,0.127989,21.041165,-4.392051
14.62,0.005314,-3.901018,-0.001841,0.129201,21.088366,-4.384473
14.63,0.005321,-3.900142,-0.002061,0.130382,21.136014,-4.376798
14.64,0.005329,-3.899239,-0.002283,0.131533,21.184115,-4.369026
14.65,0.005337,-3.898309,-0.002504,0.132652,21.232678,-4.361155
14.66,0.005344,-3.897352,-0.002726,0.13374,21.281709,-4.353183
14.67,0.005352,-3.896366,-0.002947,0.134797,21.331214,-4.345108
14.68,0.00536,-3.895351,-0.003169,0.135821,21.381201,-4.336928
14.69,0.005368,-3.894308,-0.003391,0.136813,21.431675,-4.328641
14.7,0.005376,-3.893235,-0.003612,0.137773,21.482644,-4.320246
14.71,0.005384,-3.892133,-0.003833,0.1387,21.534112,-4.311741
14.72,0.005392,-3.891002,-0.004053,0.139594,21.586086,-4.303123
14.73,0.0054,-3.88984,-0.004273,0.140455,21.638572,-4.294392
14.74,0.005408,-3.888647,-0.004492,0.141282,21.691576,-4.285545
14.75,0.005416,-3.887424,-0.00471,0.142075,21.745101,-4.27658
14.76,0.005424,-3.88617,-0.004927,0.142833,21.799155,-4.267496
14.77,0.005432,-3.884885,-0.005143,0.143558,21.853741,-4.25829
14.78,0.00544,-3.883568,-0.005358,0.144247,21.908865,-4.248961
14.79,0.005448,-3.882219,-0.005571,0.144901,21.964532,-4.239508
14.8,0.005456,-3.880837,-0.005783,0.14552,22.020745,-4.229927
14.81,0.005464,-3.879423,-0.005993,0.146104,22.077509,-4.220217
14.82,0.005472,-3.877977,-0.006202,0.146651,22.134828,-4.210377
14.83,0.00548,-3.876497,-0.006408,0.147162,22.192706,-4.200405
14.84,0.005487,-3.874983,-0.006613,0.147636,22.251147,-4.190298
14.85,0.005495,-3.873436,-0.006815,0.148073,22.310154,-4.180055
14.86,0.005503,-3.871856,-0.007015,0.148474,22.369731,-4.169673
14.87,0.00551,-3.87024,-0.007213,0.148836,22.429881,-4.159152
14.88,0.005518,-3.868591,-0.007408,0.149161,22.490606,-4.148489
14.89,0.005525,-3.866906,-0.007601,0.149448,22.55191,-4.137682
14.9,0.005533,-3.865187,-0.007791,0.149696,22.613795,-4.126729
14.91,0.00554,-3.863432,-0.007978,0.149905,22.676263,-4.115629
14.92,0.005547,-3.861642,-0.008162,0.150076,22.739317,-4.104379
14.93,0.005554,-3.859816,-0.008343,0.150207,22.802958,-4.092978
14.94,0.005561,-3.857954,-0.008521,0.150298,22.867188,-4.081423
14.95,0.005568,-3.856055,-0.008695,0.150349,22.932009,-4.069713
14.96,0.005574,-3.85412,-0.008866,0.15036,22.997422,-4.057846
14.97,0.005581,-3.852149,-0.009034,0.15033,23.063429,-4.04582
14.98,0.005587,-3.85014,-0.009198,0.15026,23.130029,-4.033633
14.99,0.005594,-3.848094,-0.009358,0.150148,23.197224,-4.021282
15,0.0056,-3.846011,-0.009514,0.149994,23.265014,-4.008767
15.01,0.005606,-3.84389,-0.009666,0.149798,23.333399,-3.996085
15.02,0.005612,-3.841731,-0.009814,0.149561,23.40238,-3.983233
15.03,0.005617,-3.839534,-0.009958,0.149281,23.471956,-3.970211
15.04,0.005623,-3.837299,-0.010097,0.148957,23.542127,-3.957016
15.05,0.005628,-3.835025,-0.010232,0.148591,23.612892,-3.943646
15.06,0.005633,-3.832712,-0.010362,0.148181,23.684251,-3.9301
15.07,0.005638,-3.830361,-0.010488,0.147728,23.756201,-3.916374
15.08,0.005643,-3.82797,-0.010609,0.14723,23.828743,-3.902468
15.09,0.005647,-3.825541,-0.010725,0.146688,23.901874,-3.888379
15.1,0.005652,-3.823071,-0.010836,0.146101,23.975592,-3.874105
15.11,0.005656,-3.820562,-0.010942,0.145469,24.049896,-3.859644
15.12,0.00566,-3.818013,-0.011043,0.144792,24.124784,-3.844994
15.13,0.005663,-3.815424,-0.011139,0.144069,24.200252,-3.830154
15.14,0.005667,-3.812795,-0.011229,0.1433,24.276298,-3.815121
15.15,0.00567,-3.810126,-0.011314,0.142484,24.352919,-3.799892
15.16,0.005673,-3.807416,-0.011394,0.141623,24.430112,-3.784467
15.17,0.005676,-3.804665,-0.011468,0.140714,24.507874,-3.768843
15.18,0.005678,-3.801872,-0.011535,0.138754,24.665087,-3.73699
15.19,0.00568,-3.799037,-0.011596,0.137703,24.74453,-3.720757
15.2,0.005682,-3.79616,-0.011651,0.136603,24.824526,-3.704317
15.21,0.005684,-3.793241,-0.011699,0.135455,24.905068,-3.687668
15.22,0.005685,-3.790279,-0.011741,0.134259,24.986154,-3.670808
15.23,0.005685,-3.787275,-0.011776,0.133013,25.067776,-3.653735
15.24,0.005686,-3.784227,-0.011804,0.131719,25.14993,-3.636446
15.25,0.005686,-3.781137,-0.011825,0.130374,25.23261,-3.61894
15.26,0.005685,-3.778004,-0.01184,0.12898,25.315811,-3.601215
15.27,0.005684,-3.774828,-0.011847,0.127536,25.399524,-3.583269
15.28,0.005683,-3.771608,-0.011847,0.126041,25.483745,-3.565099
15.29,0.005682,-3.768345,-0.01184,0.124496,25.568467,-3.546704
15.3,0.00568,-3.765038,-0.011826,0.1229,25.653682,-3.528082
15.31,0.005678,-3.761688,-0.011804,0.121253,25.739383,-3.509231
15.32,0.005675,-3.758294,-0.011775,0.119554,25.825562,-3.490148
15.33,0.005672,-3.754856,-0.011739,0.117804,25.912212,-3.470831
15.34,0.005668,-3.751374,-0.011695,0.116002,25.999325,-3.451279
15.35,0.005665,-3.747848,-0.011644,0.114148,26.086891,-3.43149
15.36,0.00566,-3.744278,-0.011585,0.112242,26.174903,-3.411461
15.37,0.005656,-3.740663,-0.011519,0.110283,26.263352,-3.391191
15.38,0.005651,-3.737005,-0.011445,0.108271,26.352227,-3.370678
15.39,0.005645,-3.733302,-0.011363,0.106206,26.441521,-3.34992
15.4,0.005639,-3.729554,-0.011274,0.104088,26.531222,-3.328914
15.41,0.005633,-3.725762,-0.011177,0.101917,26.621321,-3.307659
15.42,0.005626,-3.721926,-0.011072,0.099693,26.711808,-3.286153
15.43,0.005626,-3.721926,-0.011072,0.099693,26.711808,-3.286153
15.44,0.005612,-3.714119,-0.010839,0.095082,26.893902,-3.242379
15.45,0.005604,-3.710148,-0.010711,0.092696,26.985486,-3.220108
15.46,0.005604,-3.710148,-0.010711,0.092696,26.985486,-3.220108
15.47,0.005596,-3.706133,-0.010575,0.090255,27.077414,-3.197578
15.48,0.005587,-3.702072,-0.010431,0.08776,27.169673,-3.174788
15.49,0.005578,-3.697967,-0.01028,0.085211,27.262252,-3.151735
15.5,0.005569,-3.693817,-0.010121,0.082607,27.355138,-3.128417
15.51,0.005559,-3.689622,-0.009954,0.079949,27.448318,-3.104834
15.52,0.005549,-3.685381,-0.009779,0.077236,27.54178,-3.080982
15.53,0.005538,-3.681096,-0.009597,0.074467,27.63551,-3.056861
15.54,0.005527,-3.676766,-0.009407,0.071644,27.729495,-3.032469
15.55,0.005516,-3.672391,-0.00921,0.068766,27.823721,-3.007803
15.56,0.005504,-3.66797,-0.009005,0.065833,27.918174,-2.982862
15.57,0.005492,-3.663505,-0.008792,0.062845,28.012839,-2.957644
15.58,0.00548,-3.658994,-0.008572,0.059802,28.107703,-2.932148
15.59,0.005467,-3.654438,-0.008345,0.056703,28.202749,-2.906372
15.6,0.005453,-3.649837,-0.00811,0.05355,28.297963,-2.880315
15.61,0.00544,-3.645191,-0.007868,0.050341,28.393329,-2.853974
15.62,0.005426,-3.6405,-0.007619,0.047077,28.488831,-2.827348
15.63,0.005412,-3.635764,-0.007362,0.043758,28.584454,-2.800436
15.64,0.005397,-3.630983,-0.007099,0.040384,28.68018,-2.773237
15.65,0.005382,-3.626157,-0.006829,0.036955,28.775993,-2.745747
15.66,0.005367,-3.621285,-0.006552,0.033471,28.871876,-2.717967
15.67,0.005351,-3.616369,-0.006268,0.029932,28.967811,-2.689895
15.68,0.005335,-3.611408,-0.005977,0.026339,29.063781,-2.661529
15.69,0.005318,-3.606401,-0.00568,0.022691,29.159769,-2.632868
15.7,0.005302,-3.60135,-0.005376,0.018989,29.255755,-2.603911
15.71,0.005285,-3.596254,-0.005066,0.015232,29.351722,-2.574656
15.72,0.005268,-3.591113,-0.00475,0.011421,29.44765,-2.545102
15.73,0.00525,-3.585927,-0.004428,0.007557,29.543521,-2.515249
15.74,0.005232,-3.580696,-0.0041,0.003639,29.639315,-2.485094
15.75,0.005214,-3.575421,-0.003767,-0.000332,29.735013,-2.454636
15.76,0.005195,-3.570101,-0.003427,-0.004357,29.830594,-2.423876
15.77,0.005177,-3.564736,-0.003083,-0.008435,29.926038,-2.39281
15.78,0.005158,-3.559327,-0.002732,-0.012565,30.021326,-2.36144
15.79,0.005138,-3.553873,-0.002377,-0.016747,30.116436,-2.329762
15.8,0.005119,-3.548375,-0.002017,-0.020981,30.211346,-2.297778
15.81,0.005099,-3.542832,-0.001652,-0.025267,30.306037,-2.265485
15.82,0.005079,-3.537246,-0.001283,-0.029604,30.400485,-2.232883
15.83,0.005059,-3.531614,-0.000909,-0.033992,30.49467,-2.199972
15.84,0.005038,-3.525939,-0.00053,-0.038431,30.588569,-2.16675
15.85,0.005017,-3.52022,-0.000148,-0.042919,30.682159,-2.133216
15.86,0.004996,-3.514457,0.000238,-0.047457,30.775418,-2.099371
15.87,0.004975,-3.508649,0.000628,-0.052044,30.868323,-2.065214
15.88,0.004954,-3.502798,0.001021,-0.05668,30.960851,-2.030744
15.89,0.004932,-3.496903,0.001417,-0.061363,31.052977,-1.995961
15.9,0.004911,-3.490965,0.001817,-0.066094,31.144679,-1.960864
15.91,0.004889,-3.484983,0.002219,-0.070872,31.235933,-1.925453
15.92,0.004867,-3.478957,0.002624,-0.075697,31.326713,-1.889728
15.93,0.004845,-3.472888,0.003031,-0.080567,31.416996,-1.853689
15.94,0.004823,-3.466776,0.00344,-0.085482,31.506756,-1.817335
15.95,0.0048,-3.460621,0.003851,-0.090442,31.595969,-1.780667
15.96,0.004778,-3.454422,0.004263,-0.095445,31.68461,-1.743684
15.97,0.004755,-3.448181,0.004677,-0.100491,31.772652,-1.706386
15.98,0.004732,-3.441896,0.005093,-0.10558,31.86007,-1.668774
15.99,0.004709,-3.435569,0.005509,-0.11071,31.946838,-1.630848
16,0.004686,-3.429199,0.005925,-0.115881,32.032931,-1.592608
16.01,0.004663,-3.422787,0.006342,-0.121092,32.11832,-1.554054
16.02,0.00464,-3.416332,0.00676,-0.126342,32.20298,-1.515187
16.03,0.004617,-3.409835,0.007177,-0.131631,32.286885,-1.476008
16.04,0.004594,-3.403296,0.007593,-0.136957,32.370005,-1.436516
16.05,0.004571,-3.396715,0.00801,-0.142319,32.452316,-1.396713
16.06,0.004548,-3.390091,0.008425,-0.147717,32.533788,-1.356599
16.07,0.004524,-3.383426,0.008839,-0.153149,32.614395,-1.316174
16.08,0.004501,-3.376719,0.009251,-0.158615,32.694107,-1.275441
16.09,0.004478,-3.369971,0.009662,-0.164113,32.772898,-1.2344
16.1,0.004455,-3.363181,0.010071,-0.169643,32.85074,-1.193051
16.11,0.004432,-3.35635,0.010477,-0.175204,32.927602,-1.151396
16.12,0.004408,-3.349477,0.010881,-0.180794,33.003458,-1.109437
16.13,0.004385,-3.342564,0.011283,-0.186412,33.078277,-1.067174
16.14,0.004362,-3.33561,0.011681,-0.192057,33.152032,-1.024608
16.15,0.004339,-3.328615,0.012076,-0.197729,33.224693,-0.981742
16.16,0.004316,-3.321579,0.012467,-0.203425,33.29623,-0.938576
16.17,0.004293,-3.314502,0.012854,-0.209144,33.366615,-0.895113
16.18,0.004271,-3.307386,0.013237,-0.214886,33.435818,-0.851353
16.19,0.004248,-3.300229,0.013616,-0.220649,33.503809,-0.8073
16.2,0.004225,-3.293032,0.01399,-0.226432,33.570559,-0.762954
16.21,0.004203,-3.285795,0.01436,-0.232233,33.636036,-0.718318
16.22,0.00418,-3.278518,0.014724,-0.238052,33.700213,-0.673394
16.23,0.004158,-3.271202,0.015082,-0.243886,33.763057,-0.628183
16.24,0.004136,-3.263846,0.015435,-0.249734,33.82454,-0.582689
16.25,0.004114,-3.256451,0.015782,-0.255595,33.884631,-0.536913
16.26,0.004092,-3.249016,0.016123,-0.261468,33.943299,-0.490858
16.27,0.004071,-3.241543,0.016457,-0.267351,34.000514,-0.444527
16.28,0.004049,-3.23403,0.016784,-0.273242,34.056245,-0.397922
16.29,0.004028,-3.226479,0.017105,-0.27914,34.110462,-0.351045
16.3,0.004007,-3.218889,0.017418,-0.285043,34.163134,-0.303901
16.31,0.003986,-3.211261,0.017724,-0.290951,34.214231,-0.25649
16.32,0.003965,-3.203595,0.018023,-0.29686,34.263721,-0.208818
16.33,0.003945,-3.19589,0.018313,-0.302771,34.311574,-0.160886
16.34,0.003925,-3.188147,0.018595,-0.30868,34.35776,-0.112698
16.35,0.003905,-3.180367,0.018869,-0.314587,34.402246,-0.064258
16.36,0.003885,-3.172549,0.019135,-0.320489,34.445004,-0.015568
16.37,0.003865,-3.164693,0.019392,-0.326386,34.486001,0.033368
16.38,0.003846,-3.1568,0.019639,-0.332275,34.525207,0.082546
16.39,0.003827,-3.14887,0.019878,-0.338154,34.562592,0.131962
16.4,0.003808,-3.140903,0.020107,-0.344022,34.598124,0.181613
16.41,0.003789,-3.132899,0.020327,-0.349877,34.631773,0.231494
16.42,0.003771,-3.124859,0.020537,-0.355717,34.663508,0.281602
16.43,0.003753,-3.116782,0.020738,-0.361541,34.6933,0.331933
16.44,0.003735,-3.108668,0.020928,-0.367346,34.721116,0.382482
16.45,0.003718,-3.100519,0.021108,-0.373131,34.746927,0.433244
16.46,0.0037,-3.092333,0.021278,-0.378894,34.770703,0.484217
16.47,0.003683,-3.084112,0.021437,-0.384633,34.792413,0.535394
16.48,0.003667,-3.075855,0.021586,-0.390346,34.812028,0.586771
16.49,0.00365,-3.067562,0.021724,-0.396031,34.829517,0.638344
16.5,0.003634,-3.059234,0.021851,-0.401686,34.84485,0.690107
16.51,0.003618,-3.050871,0.021967,-0.407309,34.857998,0.742057
16.52,0.003603,-3.042473,0.022073,-0.412899,34.86893,0.794186
16.53,0.003588,-3.034041,0.022167,-0.418453,34.877619,0.846492
16.54,0.003573,-3.025573,0.022249,-0.42397,34.884034,0.898967
16.55,0.003558,-3.017071,0.022321,-0.429446,34.888147,0.951607
16.56,0.003544,-3.008535,0.022381,-0.434882,34.889928,1.004407
16.57,0.00353,-2.999965,0.022429,-0.440273,34.88935,1.05736
16.58,0.003516,-2.991361,0.022466,-0.445619,34.886382,1.110462
16.59,0.003503,-2.982723,0.022491,-0.450918,34.880998,1.163705
16.6,0.003489,-2.974053,0.022511,-0.461363,34.862869,1.270596
16.61,0.003476,-2.96535,0.022526,-0.466506,34.850068,1.324231
16.62,0.003463,-2.956615,0.022536,-0.471594,34.834739,1.377984
16.63,0.00345,-2.947849,0.02254,-0.476623,34.816857,1.431849
16.64,0.003437,-2.93905,0.022539,-0.481592,34.796394,1.48582
16.65,0.003425,-2.930221,0.022533,-0.4865,34.773324,1.53989
16.66,0.003412,-2.92136,0.022521,-0.491343,34.747621,1.594052
16.67,0.0034,-2.912468,0.022505,-0.496121,34.719259,1.648301
16.68,0.003387,-2.903546,0.022484,-0.50083,34.688213,1.702628
16.69,0.003375,-2.894593,0.022457,-0.505469,34.654457,1.757028
16.7,0.003363,-2.88561,0.022426,-0.510036,34.617968,1.811493
16.71,0.003351,-2.876597,0.02239,-0.514528,34.57872,1.866016
16.72,0.003339,-2.867555,0.022348,-0.518944,34.53669,1.920591
16.73,0.003327,-2.858483,0.022303,-0.523282,34.491854,1.97521
16.74,0.003315,-2.849381,0.022252,-0.527539,34.444189,2.029865
16.75,0.003303,-2.840251,0.022197,-0.531714,34.393673,2.08455
16.76,0.003291,-2.831092,0.022137,-0.535804,34.340282,2.139257
16.77,0.00328,-2.821904,0.022073,-0.539808,34.283996,2.193978
16.78,0.003268,-2.812688,0.022005,-0.543724,34.224792,2.248706
16.79,0.003256,-2.803444,0.021932,-0.547549,34.162649,2.303434
16.8,0.003245,-2.794173,0.021855,-0.551282,34.097548,2.358152
16.81,0.003233,-2.784873,0.021775,-0.554921,34.029467,2.412854
16.82,0.003222,-2.775547,0.02169,-0.558463,33.958387,2.467531
16.83,0.003211,-2.766194,0.021601,-0.561907,33.88429,2.522176
16.84,0.003199,-2.756813,0.021509,-0.565251,33.807156,2.576781
16.85,0.003188,-2.747407,0.021413,-0.568494,33.726968,2.631337
16.86,0.003176,-2.737974,0.021313,-0.571632,33.643708,2.685835
16.87,0.003165,-2.728515,0.02121,-0.574665,33.557358,2.740269
16.88,0.003165,-2.728515,0.02121,-0.574665,33.557358,2.740269
16.89,0.003153,-2.719031,0.021104,-0.57759,33.467903,2.794629
16.9,0.00313,-2.699986,0.020883,-0.583112,33.279613,2.903095
16.91,0.00313,-2.699986,0.020883,-0.583112,33.279613,2.903095
16.92,0.003119,-2.690426,0.020768,-0.585704,33.180747,2.957183
16.93,0.003107,-2.680841,0.02065,-0.588182,33.078716,3.011165
16.94,0.003096,-2.671232,0.02053,-0.590544,32.973505,3.06503
16.95,0.003084,-2.661599,0.020408,-0.592788,32.865101,3.11877
16.96,0.003072,-2.651942,0.020283,-0.594912,32.753493,3.172376
16.97,0.00306,-2.642262,0.020156,-0.596916,32.638667,3.22584
16.981,0.003048,-2.632558,0.020027,-0.598797,32.520614,3.279153
16.99,0.003036,-2.622831,0.019896,-0.600554,32.399322,3.332306
17,0.003023,-2.613082,0.019764,-0.602185,32.274781,3.385289
17.01,0.003011,-2.60331,0.01963,-0.603689,32.146983,3.438095
17.02,0.002998,-2.593516,0.019495,-0.605064,32.015918,3.490713
17.03,0.002986,-2.583701,0.019359,-0.60631,31.88158,3.543135
17.04,0.002973,-2.573863,0.019222,-0.607424,31.74396,3.595353
17.05,0.00296,-2.564005,0.019084,-0.608406,31.603051,3.647356
17.06,0.002946,-2.554125,0.018945,-0.609253,31.45885,3.699135
17.07,0.002933,-2.544225,0.018806,-0.609966,31.311349,3.750683
17.08,0.002919,-2.534305,0.018667,-0.610542,31.160544,3.801988
17.09,0.002905,-2.524364,0.018528,-0.610981,31.006433,3.853043
17.1,0.002891,-2.514404,0.018388,-0.611281,30.849011,3.903837
17.11,0.002876,-2.504424,0.01825,-0.611442,30.688277,3.954363
17.12,0.002862,-2.494425,0.018111,-0.611462,30.524229,4.004609
17.13,0.002846,-2.484407,0.017973,-0.61134,30.356865,4.054569
17.14,0.002831,-2.47437,0.017836,-0.611076,30.186187,4.104231
17.15,0.002815,-2.464316,0.0177,-0.610668,30.012195,4.153586
17.16,0.002799,-2.454243,0.017566,-0.610116,29.834889,4.202627
17.17,0.002783,-2.444153,0.017432,-0.609419,29.654273,4.251342
17.18,0.002766,-2.434046,0.017301,-0.608576,29.470349,4.299724
17.19,0.002749,-2.423921,0.017171,-0.607587,29.28312,4.347762
17.2,0.002732,-2.41378,0.017043,-0.60645,29.092592,4.395448
17.21,0.002714,-2.403623,0.016917,-0.605166,28.89877,4.442773
17.22,0.002696,-2.39345,0.016794,-0.603734,28.701659,4.489727
17.23,0.002677,-2.383261,0.016673,-0.602153,28.501266,4.5363
17.24,0.002658,-2.373057,0.016555,-0.600423,28.2976,4.582485
17.25,0.002638,-2.362838,0.01644,-0.598544,28.090667,4.628272
17.26,0.002618,-2.352604,0.016328,-0.596515,27.880478,4.673651
17.27,0.002597,-2.342356,0.016219,-0.594336,27.667043,4.718614
17.28,0.002576,-2.332095,0.016114,-0.592007,27.450371,4.763151
17.29,0.002555,-2.321819,0.016013,-0.589528,27.230475,4.807255
17.3,0.002532,-2.311531,0.015915,-0.586898,27.007367,4.850915
17.31,0.00251,-2.301229,0.015822,-0.584119,26.78106,4.894123
17.32,0.002486,-2.290915,0.015733,-0.581188,26.551568,4.93687
17.33,0.002462,-2.280589,0.015648,-0.578108,26.318906,4.979147
17.34,0.002438,-2.270252,0.015569,-0.574878,26.083088,5.020946
17.35,0.002412,-2.259903,0.015494,-0.571497,25.844133,5.062258
17.36,0.002387,-2.249543,0.015424,-0.567968,25.602055,5.103074
17.37,0.00236,-2.239172,0.015359,-0.564289,25.356874,5.143385
17.38,0.002333,-2.228791,0.0153,-0.560461,25.108609,5.183184
17.39,0.002305,-2.218401,0.015247,-0.556485,24.857278,5.222462
17.4,0.002276,-2.208,0.015199,-0.552362,24.602901,5.26121
17.41,0.002247,-2.197591,0.015158,-0.548091,24.345501,5.29942
17.42,0.002216,-2.187173,0.015123,-0.543673,24.085098,5.337084
17.43,0.002185,-2.176747,0.015094,-0.53911,23.821715,5.374194
17.44,0.002154,-2.166314,0.015072,-0.534402,23.555376,5.410741
17.45,0.002121,-2.155872,0.015056,-0.529549,23.286105,5.446719
17.46,0.002088,-2.145424,0.015048,-0.524553,23.013927,5.482118
17.47,0.002053,-2.134969,0.015047,-0.519415,22.738867,5.516932
17.48,0.002018,-2.124508,0.015053,-0.514135,22.460952,5.551152
17.49,0.001982,-2.114041,0.015067,-0.508715,22.18021,5.584772
17.5,0.001945,-2.103569,0.015089,-0.503156,21.896667,5.617783
17.51,0.001907,-2.093092,0.015118,-0.497459,21.610353,5.650178
17.52,0.001868,-2.08261,0.015156,-0.491625,21.321297,5.68195
17.53,0.001828,-2.072125,0.015202,-0.485656,21.02953,5.713092
17.54,0.001787,-2.061636,0.015257,-0.479552,20.735083,5.743596
17.55,0.001745,-2.051144,0.01532,-0.473316,20.437986,5.773456
17.56,0.001702,-2.040649,0.015393,-0.466949,20.138272,5.802666
17.57,0.001657,-2.030153,0.015474,-0.460452,19.835975,5.831217
17.58,0.001612,-2.019654,0.015565,-0.453828,19.531128,5.859105
17.59,0.001566,-2.009155,0.015665,-0.447076,19.223766,5.886321
17.6,0.001518,-1.998654,0.015775,-0.440201,18.913923,5.912861
17.61,0.001469,-1.988154,0.015895,-0.433202,18.601636,5.938718
17.62,0.001419,-1.977653,0.016024,-0.426082,18.286941,5.963885
17.63,0.001368,-1.967154,0.016164,-0.418843,17.969875,5.988357
17.64,0.001315,-1.956656,0.016315,-0.411487,17.650476,6.012128
17.65,0.001262,-1.946159,0.016476,-0.404016,17.328782,6.035193
17.66,0.001207,-1.935665,0.016648,-0.396431,17.004833,6.057545
17.67,0.00115,-1.925174,0.016831,-0.388735,16.678667,6.079181
17.68,0.001093,-1.914686,0.017025,-0.38093,16.350326,6.100093
17.69,0.001034,-1.904201,0.017231,-0.373019,16.01985,6.120278
17.7,0.000973,-1.893722,0.017448,-0.365002,15.68728,6.13973
17.71,0.000911,-1.883247,0.017677,-0.356884,15.352658,6.158445
17.72,0.000848,-1.872778,0.017918,-0.348665,15.016028,6.176418
17.73,0.000783,-1.862315,0.018171,-0.340349,14.677432,6.193644
17.74,0.000717,-1.851858,0.018437,-0.331937,14.336914,6.21012
17.75,0.000649,-1.841409,0.018715,-0.323433,13.994517,6.22584
17.76,0.000579,-1.830967,0.019006,-0.314838,13.650287,6.240802
17.77,0.000508,-1.820534,0.01931,-0.306156,13.30427,6.255002
17.78,0.000436,-1.81011,0.019627,-0.297389,12.956509,6.268434
17.79,0.000362,-1.799695,0.019958,-0.288539,12.607053,6.281098
17.8,0.000286,-1.78929,0.020302,-0.279609,12.255946,6.292988
17.81,0.000208,-1.778897,0.02066,-0.270602,11.903237,6.304101
17.82,0.000129,-1.768514,0.021032,-0.26152,11.548973,6.314436
17.83,0.000048,-1.758144,0.021418,-0.252367,11.193201,6.323988
17.84,-0.000035,-1.747786,0.021819,-0.243145,10.83597,6.332755
17.85,-0.000119,-1.737442,0.022234,-0.233857,10.477329,6.340736
17.86,-0.000205,-1.727112,0.022665,-0.224505,10.117327,6.347927
17.87,-0.000293,-1.716796,0.02311,-0.215093,9.756013,6.354326
17.88,-0.000383,-1.706495,0.023571,-0.205624,9.393436,6.359931
17.89,-0.000475,-1.696211,0.024047,-0.1961,9.029648,6.364741
17.9,-0.000569,-1.685943,0.024539,-0.186525,8.664698,6.368755
17.91,-0.000664,-1.675692,0.025047,-0.176901,8.298637,6.37197
17.92,-0.000762,-1.66546,0.025572,-0.167232,7.931516,6.374385
17.93,-0.000862,-1.655246,0.026112,-0.15752,7.563387,6.375999
17.94,-0.000963,-1.645051,0.02667,-0.147768,7.1943,6.376812
17.95,-0.001067,-1.634877,0.027244,-0.13798,6.824308,6.376823
17.96,-0.001172,-1.624723,0.027835,-0.128159,6.453463,6.376031
17.97,-0.00128,-1.614591,0.028444,-0.118307,6.081816,6.374436
17.98,-0.00139,-1.604482,0.029071,-0.108429,5.70942,6.372037
17.99,-0.001501,-1.594395,0.029715,-0.098526,5.336328,6.368835
18,-0.001615,-1.584333,0.030378,-0.088602,4.962592,6.36483
18.01,-0.001731,-1.574295,0.031059,-0.068704,4.588265,6.360022
18.02,-0.001849,-1.564282,0.031758,-0.068704,4.2134,6.354413
18.03,-0.00197,-1.554296,0.032477,-0.058736,3.83805,6.348001
18.04,-0.002093,-1.544343,0.033219,-0.038779,3.086107,6.332778
18.05,-0.002218,-1.534423,0.033986,-0.028795,2.709621,6.323969
18.06,-0.002346,-1.524538,0.034778,-0.018813,2.332863,6.314362
18.07,-0.002477,-1.514688,0.035595,-0.008834,1.955886,6.303961
18.08,-0.002611,-1.504875,0.036436,0.001137,1.578744,6.292767
18.09,-0.002748,-1.495099,0.037303,0.011097,1.201489,6.280781
18.1,-0.002887,-1.48536,0.038195,0.021044,0.824176,6.268006
18.11,-0.003029,-1.475661,0.039112,0.030975,0.446857,6.254444
18.12,-0.003174,-1.466001,0.040055,0.040885,0.069586,6.240098
18.13,-0.003321,-1.456382,0.041023,0.050773,-0.307585,6.224971
18.14,-0.003472,-1.446804,0.042017,0.060635,-0.684602,6.209065
18.15,-0.003625,-1.437268,0.043038,0.070467,-1.061413,6.192383
18.16,-0.003781,-1.427776,0.044084,0.080268,-1.437964,6.174928
18.17,-0.00394,-1.418328,0.045157,0.090033,-1.814203,6.156705
18.18,-0.004101,-1.408925,0.046257,0.099761,-2.190078,6.137715
18.19,-0.004266,-1.399569,0.047384,0.109447,-2.565536,6.117964
18.2,-0.004433,-1.390259,0.048537,0.119089,-2.940525,6.097455
18.21,-0.004604,-1.380998,0.049718,0.128684,-3.314993,6.076192
18.22,-0.004777,-1.371786,0.050926,0.138229,-3.688889,6.054178
18.23,-0.004953,-1.362623,0.052161,0.147721,-4.06216,6.03142
18.24,-0.005132,-1.353512,0.053425,0.157158,-4.434757,6.00792
18.25,-0.005314,-1.344453,0.054716,0.166536,-4.806627,5.983684
18.26,-0.005498,-1.335447,0.056035,0.175852,-5.177721,5.958717
18.27,-0.005686,-1.326496,0.057383,0.185105,-5.547988,5.933023
18.28,-0.005686,-1.326496,0.057383,0.185105,-5.547988,5.933023
18.29,-0.00607,-1.308759,0.060165,0.203406,-6.28584,5.879476
18.3,-0.006266,-1.299977,0.061599,0.21245,-6.653326,5.851634
18.31,-0.006465,-1.291252,0.063062,0.221418,-7.019787,5.823087
18.32,-0.006667,-1.282588,0.064555,0.230309,-7.385175,5.79384
18.33,-0.006667,-1.282588,0.064555,0.230309,-7.385175,5.79384
18.34,-0.006871,-1.273984,0.066077,0.239121,-7.74944,5.7639
18.35,-0.007079,-1.265442,0.067629,0.247849,-8.112535,5.733272
18.36,-0.00729,-1.256963,0.069211,0.256492,-8.474413,5.701963
18.37,-0.007503,-1.248548,0.070823,0.265048,-8.835026,5.669978
18.38,-0.007719,-1.240198,0.072465,0.273514,-9.194328,5.637325
18.39,-0.007938,-1.231915,0.074137,0.281888,-9.552272,5.604009
18.4,-0.00816,-1.223699,0.075841,0.290167,-9.908814,5.570038
18.41,-0.008385,-1.215552,0.077575,0.298349,-10.263908,5.535418
18.42,-0.008612,-1.207475,0.07934,0.306432,-10.617509,5.500156
18.43,-0.008843,-1.199469,0.081136,0.314414,-10.969573,5.464259
18.44,-0.009076,-1.191536,0.082964,0.322292,-11.320056,5.427734
18.45,-0.009311,-1.183676,0.084823,0.330065,-11.668916,5.390588
18.46,-0.00955,-1.175891,0.086714,0.33773,-12.016108,5.35283
18.47,-0.009791,-1.168182,0.088636,0.345286,-12.361592,5.314465
18.48,-0.010036,-1.160551,0.09059,0.352731,-12.705326,5.275503
18.49,-0.010283,-1.152998,0.092576,0.360063,-13.047269,5.23595
18.5,-0.010532,-1.145525,0.094594,0.367279,-13.38738,5.195814
18.51,-0.010784,-1.138133,0.096645,0.374379,-13.72562,5.155103
18.52,-0.011039,-1.130824,0.098727,0.38136,-14.06195,5.113826
18.53,-0.011297,-1.123598,0.100842,0.388221,-14.39633,5.07199
18.54,-0.011558,-1.116457,0.102989,0.39496,-14.728723,5.029603
18.55,-0.011821,-1.109403,0.105169,0.401576,-15.059091,4.986673
18.56,-0.012086,-1.102436,0.107381,0.408067,-15.387399,4.94321
18.57,-0.012355,-1.095559,0.109625,0.414432,-15.713609,4.899221
18.58,-0.012626,-1.088771,0.111902,0.420669,-16.037686,4.854715
18.59,-0.012899,-1.082076,0.114212,0.426778,-16.359596,4.8097
18.6,-0.013176,-1.075473,0.116554,0.432756,-16.679304,4.764185
18.61,-0.013455,-1.068965,0.118928,0.438603,-16.996777,4.718179
18.62,-0.013736,-1.062552,0.121335,0.444317,-17.311982,4.67169
18.63,-0.01402,-1.056237,0.123774,0.449898,-17.624887,4.624727
18.64,-0.014307,-1.05002,0.126245,0.455344,-17.935461,4.5773
18.65,-0.014596,-1.043904,0.128748,0.460655,-18.243673,4.529417
18.66,-0.014888,-1.037888,0.131283,0.465829,-18.549492,4.481087
18.67,-0.015183,-1.031975,0.133849,0.470866,-18.852891,4.432319
18.68,-0.01548,-1.026167,0.136447,0.475765,-19.153839,4.383123
18.69,-0.01578,-1.020463,0.139077,0.480525,-19.45231,4.333506
18.7,-0.016082,-1.014867,0.141737,0.485145,-19.748276,4.28348
18.71,-0.016387,-1.00938,0.144429,0.489625,-20.041711,4.233052
18.72,-0.016695,-1.004002,0.147151,0.493965,-20.332588,4.182232
18.73,-0.017005,-0.998735,0.149903,0.498163,-20.620884,4.13103
18.74,-0.017318,-0.993581,0.152685,0.50222,-20.906574,4.079454
18.75,-0.017634,-0.988541,0.155497,0.506134,-21.189633,4.027514
18.76,-0.017952,-0.983617,0.158338,0.509907,-21.470041,3.97522
18.77,-0.018273,-0.97881,0.161208,0.513536,-21.747774,3.922581
18.78,-0.018597,-0.974122,0.164106,0.517023,-22.022812,3.869605
18.79,-0.018924,-0.969553,0.167031,0.520367,-22.295133,3.816304
18.8,-0.019253,-0.965107,0.169985,0.523568,-22.564719,3.762685
18.81,-0.019585,-0.960783,0.172964,0.526625,-22.83155,3.708759
18.82,-0.019921,-0.956583,0.17597,0.52954,-23.095608,3.654535
18.83,-0.020259,-0.95251,0.179002,0.532311,-23.356875,3.600022
18.84,-0.0206,-0.948565,0.182058,0.53494,-23.615334,3.54523
18.85,-0.020944,-0.944748,0.185139,0.537426,-23.870971,3.490169
18.86,-0.021292,-0.941062,0.188243,0.539769,-24.123768,3.434847
18.87,-0.021642,-0.937508,0.19137,0.541971,-24.373713,3.379274
18.88,-0.021996,-0.934087,0.194518,0.54403,-24.62079,3.32346
18.89,-0.022353,-0.930802,0.197688,0.545948,-24.864988,3.267414
18.9,-0.022714,-0.927654,0.200878,0.547725,-25.106293,3.211146
18.91,-0.023078,-0.924644,0.204087,0.549361,-25.344695,3.154664
18.92,-0.023445,-0.921773,0.207315,0.550857,-25.580182,3.097979
18.93,-0.023816,-0.919044,0.210559,0.552214,-25.812744,3.041099
18.94,-0.024191,-0.916459,0.21382,0.553432,-26.042372,2.984034
18.95,-0.02457,-0.914017,0.217096,0.554512,-26.269058,2.926792
18.96,-0.024953,-0.911722,0.220386,0.555454,-26.492794,2.869385
18.97,-0.02534,-0.909575,0.223688,0.55626,-26.713572,2.811819
18.98,-0.025731,-0.907576,0.227002,0.556931,-26.931386,2.754106
18.99,-0.026127,-0.905729,0.230327,0.557466,-27.14623,2.696253
19,-0.026527,-0.904035,0.23366,0.557867,-27.3581,2.638271
19.01,-0.026932,-0.902495,0.237001,0.558136,-27.566991,2.580167
19.02,-0.027341,-0.901111,0.240347,0.558272,-27.772899,2.521951
19.03,-0.027756,-0.899884,0.243698,0.558278,-27.975822,2.463633
19.04,-0.028176,-0.898817,0.247053,0.558153,-28.175758,2.40522
19.05,-0.028601,-0.89791,0.250408,0.5579,-28.372705,2.346722
19.06,-0.029032,-0.897166,0.253763,0.557519,-28.566661,2.288147
19.07,-0.029468,-0.896587,0.257117,0.557012,-28.757628,2.229505
19.08,-0.029911,-0.896174,0.260466,0.556379,-28.945606,2.170803
19.09,-0.03036,-0.895929,0.263811,0.555623,-29.130595,2.112051
19.1,-0.030815,-0.895853,0.267147,0.554744,-29.312598,2.053257
19.11,-0.031276,-0.895949,0.270475,0.553744,-29.491617,1.99443
19.12,-0.031745,-0.896218,0.273791,0.552624,-29.667656,1.935578
19.13,-0.032221,-0.896662,0.277093,0.551385,-29.840717,1.876709
19.14,-0.032705,-0.897282,0.28038,0.55003,-30.010807,1.817832
19.15,-0.033196,-0.898082,0.28365,0.548558,-30.177929,1.758955
19.16,-0.033695,-0.899063,0.2869,0.546973,-30.342089,1.700086
19.17,-0.034203,-0.900226,0.290128,0.545275,-30.503295,1.641233
19.18,-0.034719,-0.901573,0.293331,0.543466,-30.661551,1.582404
19.19,-0.035244,-0.903107,0.296508,0.541548,-30.816867,1.523607
19.2,-0.035779,-0.90483,0.299655,0.539522,-30.96925,1.46485
19.21,-0.036323,-0.906743,0.302771,0.537389,-31.118709,1.40614
19.22,-0.036878,-0.908849,0.305852,0.535152,-31.265253,1.347486
19.23,-0.037443,-0.91115,0.308896,0.532812,-31.408891,1.288894
19.24,-0.038019,-0.913647,0.311901,0.530371,-31.549635,1.230373
19.25,-0.038607,-0.916344,0.314864,0.52783,-31.687494,1.171929
19.26,-0.039206,-0.919241,0.317782,0.525192,-31.822481,1.113571
19.27,-0.039817,-0.922343,0.320651,0.522457,-31.954608,1.055304
19.28,-0.040441,-0.92565,0.32347,0.519628,-32.083886,0.997137
19.29,-0.041079,-0.929165,0.326236,0.516707,-32.210329,0.939077
19.3,-0.04173,-0.932891,0.328944,0.513695,-32.33395,0.88113
19.31,-0.042395,-0.93683,0.331593,0.510594,-32.454764,0.823303
19.32,-0.043075,-0.940985,0.334179,0.507406,-32.572784,0.765603
19.33,-0.04377,-0.945358,0.336699,0.504132,-32.688026,0.708037
19.34,-0.044481,-0.949951,0.33915,0.500775,-32.800504,0.650612
19.35,-0.045209,-0.954768,0.341528,0.497337,-32.910236,0.593333
19.36,-0.045953,-0.959811,0.343831,0.493819,-33.017236,0.536207
19.37,-0.046716,-0.965084,0.34605,0.48655,-33.223111,0.42244
19.38,-0.047496,-0.970588,0.348187,0.48655,-33.223111,0.42244
19.39,-0.048296,-0.976328,0.350238,0.482804,-33.322021,0.365811
19.4,-0.049115,-0.982306,0.352195,0.475097,-33.511873,0.253092
19.41,-0.049955,-0.988525,0.354055,0.47114,-33.602853,0.197014
19.42,-0.050817,-0.994989,0.355813,0.467116,-33.691227,0.14113
19.43,-0.0517,-1.001701,0.357467,0.463028,-33.777015,0.085448
19.44,-0.052605,-1.008665,0.359013,0.458877,-33.860237,0.029971
19.45,-0.053535,-1.015883,0.360447,0.454665,-33.940913,-0.025294
19.46,-0.054488,-1.023359,0.361767,0.450394,-34.019064,-0.080342
19.47,-0.055466,-1.031098,0.362967,0.446066,-34.094709,-0.135169
19.48,-0.056471,-1.039102,0.364046,0.441683,-34.167871,-0.189768
19.49,-0.057501,-1.047375,0.364999,0.437247,-34.238571,-0.244135
19.5,-0.05856,-1.055923,0.365823,0.432759,-34.30683,-0.298266
19.51,-0.059646,-1.064748,0.366514,0.428221,-34.372671,-0.352155
19.52,-0.060762,-1.073855,0.36707,0.423636,-34.436116,-0.405797
19.53,-0.061908,-1.083249,0.367486,0.419006,-34.497187,-0.459189
19.54,-0.063084,-1.092934,0.367759,0.414331,-34.555908,-0.512326
19.55,-0.064293,-1.102914,0.367887,0.409614,-34.612301,-0.565203
19.56,-0.065534,-1.113195,0.367865,0.404857,-34.666389,-0.617816
19.57,-0.066809,-1.123781,0.367691,0.400062,-34.718197,-0.670162
19.58,-0.068118,-1.134678,0.367362,0.39523,-34.767747,-0.722235
19.59,-0.069463,-1.145891,0.366875,0.390364,-34.815065,-0.774032
19.6,-0.070844,-1.157425,0.366227,0.385464,-34.860173,-0.82555
19.61,-0.072262,-1.169286,0.365416,0.380533,-34.903097,-0.876783
19.62,-0.073718,-1.181481,0.364439,0.375573,-34.94386,-0.92773
19.63,-0.075213,-1.194014,0.363293,0.370586,-34.982488,-0.978386
19.64,-0.076748,-1.206893,0.361978,0.365572,-35.019006,-1.028748
19.65,-0.078323,-1.220123,0.360491,0.360535,-35.053438,-1.078813
19.66,-0.07994,-1.233712,0.358831,0.355475,-35.085809,-1.128577
19.67,-0.081599,-1.247666,0.356995,0.350394,-35.116146,-1.178037
19.681,-0.0833,-1.261992,0.354984,0.345294,-35.144472,-1.22719
19.69,-0.085045,-1.276698,0.352796,0.340177,-35.170815,-1.276033
19.7,-0.086835,-1.291792,0.35043,0.335045,-35.195198,-1.324564
19.71,-0.088669,-1.30728,0.347888,0.329898,-35.217649,-1.372779
19.72,-0.090548,-1.323172,0.345169,0.324739,-35.238193,-1.420676
19.73,-0.090548,-1.323172,0.345169,0.324739,-35.238193,-1.420676
19.74,-0.094443,-1.356199,0.339204,0.31439,-35.273662,-1.515506
19.75,-0.094443,-1.356199,0.339204,0.31439,-35.273662,-1.515506
19.76,-0.09646,-1.373351,0.335961,0.309203,-35.28864,-1.562434
19.77,-0.098524,-1.390942,0.332547,0.304011,-35.301815,-1.609035
19.78,-0.100633,-1.40898,0.328965,0.298813,-35.313213,-1.655305
19.79,-0.10279,-1.427476,0.325218,0.293613,-35.32286,-1.701244
19.8,-0.104992,-1.446439,0.321311,0.288411,-35.330782,-1.746848
19.81,-0.10724,-1.465879,0.317247,0.283209,-35.337005,-1.792117
19.82,-0.109533,-1.485808,0.313033,0.278009,-35.341557,-1.837048
19.83,-0.111826,-1.505808,0.308209,0.272811,-9.021152,-1.881639
19.84,-0.114108,-1.525808,0.30269,0.267618,-3.956942,-1.92589
19.85,-0.116377,-1.545808,0.296465,0.26243,-3.27271,-1.969797
19.86,-0.118632,-1.565808,0.289524,0.257249,-2.580445,-2.013361
19.87,-0.120869,-1.585808,0.281859,0.252077,-1.880129,-2.056579
19.88,-0.123088,-1.605808,0.273459,0.246914,-1.171762,-2.09945
19.89,-0.125285,-1.625808,0.264316,0.241762,-0.455359,-2.141973
19.9,-0.127458,-1.645808,0.254422,0.236623,0.269041,-2.184146
19.91,-0.129605,-1.665808,0.24377,0.231497,1.001375,-2.22597
19.92,-0.131724,-1.685808,0.232353,0.226385,1.741545,-2.267442
19.93,-0.133813,-1.705808,0.220163,0.22129,2.489416,-2.308561
19.94,-0.135869,-1.725808,0.207194,0.216212,3.244808,-2.349328
19.95,-0.13789,-1.745808,0.193443,0.211152,4.007491,-2.389741
19.96,-0.139874,-1.765808,0.178903,0.206111,4.777175,-2.429799
19.97,-0.141818,-1.785808,0.163571,0.201091,5.553507,-2.469502
19.981,-0.143721,-1.805808,0.147445,0.196093,6.336061,-2.508849
19.99,-0.14558,-1.825808,0.130523,0.191117,7.12433,-2.54784
20,-0.147394,-1.845808,0.112802,0.186165,7.917721,-2.586475
20.01,-0.149161,-1.865808,0.094283,0.181238,8.715547,-2.624752
20.02,-0.150877,-1.885808,0.074968,0.176337,9.517019,-2.662672
20.03,-0.152543,-1.905808,0.054857,0.171463,10.321244,-2.700235
20.04,-0.15416,-1.925808,0.034857,0.166616,20.4574,6.418738
20.05,-0.155729,-1.945808,0.014857,0.161798,19.820614,5.215632
20.06,-0.15725,-1.965808,-0.005143,0.15701,20.339673,5.127175
20.07,-0.158716,-1.985808,-0.02592,0.152252,12.947038,-2.84691
20.08,-0.160139,-2.005808,-0.04592,0.147526,29.360417,12.795324
20.09,-0.161508,-2.025808,-0.066682,0.142832,14.147992,-2.918103
20.1,-0.162836,-2.045808,-0.086682,0.138171,30.040675,12.393955
20.11,-0.164109,-2.065808,-0.107424,0.133544,15.319831,-2.987867
20.12,-0.165341,-2.085808,-0.127424,0.128951,30.621575,11.917762
20.13,-0.16652,-2.105808,-0.148144,0.124394,16.459163,-3.056205
20.14,-0.16766,-2.125808,-0.168144,0.119873,31.106219,11.370361
20.15,-0.168745,-2.145808,-0.188838,0.115389,17.562745,-3.123121
20.16,-0.169794,-2.165808,-0.208838,0.110942,31.498182,10.755862
20.17,-0.17079,-2.185808,-0.229502,0.106533,18.627508,-3.188618
20.18,-0.17175,-2.205808,-0.249502,0.102164,31.801462,10.078836
20.19,-0.172657,-2.225808,-0.270134,0.097834,19.650575,-3.252702
20.2,-0.17353,-2.245808,-0.290134,0.093543,32.020425,9.344282
20.21,-0.174353,-2.265808,-0.310731,0.089294,20.629286,-3.315378
20.22,-0.175142,-2.285808,-0.330731,0.085086,32.159754,8.55759
20.23,-0.175881,-2.305808,-0.351291,0.080919,21.561213,-3.376654
20.24,-0.176589,-2.325808,-0.371291,0.076795,32.224389,7.724502
20.25,-0.177248,-2.345808,-0.391811,0.072714,22.444179,-3.436535
20.26,-0.177877,-2.365808,-0.411811,0.068676,32.219473,6.851069
20.27,-0.178459,-2.385808,-0.432289,0.064682,23.276263,-3.495031
20.28,-0.179012,-2.405808,-0.452289,0.060732,32.150302,5.943609
20.29,-0.17952,-2.425808,-0.472724,0.056827,24.055816,-3.552148
20.3,-0.179999,-2.445808,-0.492724,0.052966,32.022266,5.00866
20.31,-0.180436,-2.465808,-0.513115,0.049152,24.781462,-3.607898
20.32,-0.180832,-2.485808,-0.533875,0.045383,25.204169,-3.635262
20.33,-0.181207,-2.505808,-0.553875,0.04166,35.201598,7.523091
20.34,-0.181543,-2.525808,-0.574198,0.037983,25.76509,-3.688976
20.35,-0.181841,-2.545808,-0.594821,0.034354,26.12944,-3.715329
20.36,-0.182118,-2.565808,-0.614821,0.030771,34.14209,5.363542
20.37,-0.182361,-2.585808,-0.635075,0.027236,26.622177,-3.767032
20.38,-0.182568,-2.605808,-0.65556,0.023749,26.928327,-3.792385
20.39,-0.182743,-2.625808,-0.676253,0.02031,27.213977,-3.817408
20.4,-0.182901,-2.645808,-0.696253,0.016918,34.790008,5.04822
20.41,-0.183029,-2.665808,-0.716416,0.013575,27.564856,-3.866468
20.42,-0.183127,-2.685808,-0.736719,0.010281,27.794957,-3.890508
20.43,-0.183197,-2.705808,-0.757141,0.007035,28.005526,-3.914223
20.44,-0.18324,-2.725808,-0.777659,0.003839,28.196804,-3.937616
20.45,-0.183473,-2.745808,-0.785398,0.000691,132.356115,126.178997
20.46,-0.183805,-2.765808,-0.785398,-0.002407,89.681338,74.988168
20.47,-0.184104,-2.785808,-0.785398,-0.005456,26.579529,-3.483599
20.481,-0.18437,-2.805808,-0.785398,-0.008456,26.707285,-3.60664
20.49,-0.184603,-2.825808,-0.785398,-0.011406,26.824386,-3.728586
20.5,-0.184803,-2.845808,-0.785398,-0.014306,26.930782,-3.849386
20.51,-0.18497,-2.865808,-0.785398,-0.017156,27.026428,-3.968994
20.52,-0.185104,-2.885808,-0.785398,-0.019957,27.111285,-4.08736
20.53,-0.185204,-2.905808,-0.785391,-0.022708,27.241461,-4.13388
20.54,-0.185271,-2.925808,-0.785368,-0.025409,27.380011,-4.154132
20.55,-0.185305,-2.945808,-0.785319,-0.028061,27.506018,-4.174079
20.56,-0.185307,-2.965808,-0.785235,-0.030662,27.619452,-4.193722
20.57,-0.185275,-2.985808,-0.785107,-0.033213,27.720291,-4.213064
20.58,-0.185211,-3.005808,-0.784926,-0.035715,27.808517,-4.232107
20.59,-0.185114,-3.025808,-0.784684,-0.038167,27.884122,-4.250851
20.6,-0.184985,-3.045808,-0.784371,-0.040569,27.947099,-4.269299
20.61,-0.184822,-3.065808,-0.78398,-0.042921,27.997449,-4.287453
20.62,-0.184628,-3.085808,-0.783502,-0.045223,28.035179,-4.305315
20.63,-0.184401,-3.105808,-0.782928,-0.047476,28.060299,-4.322885
20.64,-0.184141,-3.125808,-0.782252,-0.049679,28.072826,-4.340166
20.65,-0.183849,-3.145808,-0.781465,-0.051833,28.072779,-4.357161
20.66,-0.183525,-3.165808,-0.780559,-0.053938,28.060184,-4.373869
20.67,-0.183168,-3.185808,-0.779528,-0.055993,28.035069,-4.390294
20.68,-0.182779,-3.205808,-0.778364,-0.057999,27.997467,-4.406438
20.69,-0.182358,-3.225808,-0.77706,-0.059956,27.947416,-4.422301
20.7,-0.181904,-3.245808,-0.77561,-0.061864,27.884955,-4.437886
20.71,-0.181418,-3.265808,-0.774006,-0.063723,27.810129,-4.453195
20.72,-0.1809,-3.285808,-0.772242,-0.065534,27.722985,-4.468229
20.73,-0.180349,-3.305808,-0.770313,-0.067296,27.623574,-4.48299
20.74,-0.179766,-3.325808,-0.768212,-0.069011,27.511949,-4.497481
20.75,-0.179151,-3.345808,-0.765933,-0.070677,27.388169,-4.511702
20.76,-0.178503,-3.365808,-0.763471,-0.072295,27.252292,-4.525656
20.77,-0.177823,-3.385808,-0.76082,-0.073865,27.104383,-4.539345
20.78,-0.177111,-3.405808,-0.757976,-0.075388,26.944508,-4.55277
20.79,-0.176366,-3.425808,-0.754933,-0.076863,26.772735,-4.565933
20.8,-0.175589,-3.445808,-0.751686,-0.078291,26.589138,-4.578837
20.81,-0.17478,-3.465808,-0.748231,-0.079673,26.39379,-4.591482
20.82,-0.173938,-3.485808,-0.744563,-0.081008,26.18677,-4.603871
20.83,-0.173064,-3.505808,-0.740678,-0.082296,25.96816,-4.616005
20.84,-0.172158,-3.525808,-0.736573,-0.083538,25.738044,-4.627886
20.85,-0.171219,-3.545808,-0.732242,-0.084734,25.496509,-4.639517
20.86,-0.170248,-3.565808,-0.727683,-0.085884,25.243645,-4.650899
20.87,-0.169245,-3.585808,-0.722892,-0.086989,24.979547,-4.662033
20.88,-0.168209,-3.605808,-0.717865,-0.088048,24.704311,-4.672922
20.89,-0.167142,-3.625808,-0.712599,-0.089063,24.418037,-4.683567
20.9,-0.166042,-3.645808,-0.707093,-0.090958,24.112586,-4.704133
20.91,-0.16491,-3.665808,-0.701342,-0.090958,23.812859,-4.704133
20.92,-0.163746,-3.685808,-0.695344,-0.092676,23.486222,-4.723745
20.93,-0.162551,-3.705808,-0.689097,-0.09347,23.157105,-4.733199
20.94,-0.161324,-3.725808,-0.682599,-0.09422,22.817499,-4.742419
20.95,-0.160065,-3.745808,-0.675846,-0.094927,22.467525,-4.751408
20.96,-0.158775,-3.765808,-0.668837,-0.095592,22.107311,-4.760167
20.97,-0.157453,-3.785808,-0.66157,-0.096214,21.736984,-4.768698
20.98,-0.156101,-3.805808,-0.654042,-0.096793,21.356679,-4.777004
20.99,-0.154718,-3.825808,-0.646251,-0.097331,20.966532,-4.785085
21,-0.153304,-3.845808,-0.638197,-0.097828,20.566687,-4.792944
21.01,-0.15186,-3.865808,-0.629876,-0.098283,20.157287,-4.800581
21.02,-0.150385,-3.885808,-0.621288,-0.098697,19.738484,-4.808
21.03,-0.148881,-3.905808,-0.612431,-0.09907,19.310431,-4.815201
21.04,-0.147348,-3.925808,-0.603304,-0.099403,18.873285,-4.822187
21.05,-0.14714,-3.926991,-0.609574,-0.099696,1178.911489,-4.828958
21.06,-0.14702,-3.926991,-0.616652,-0.09995,91.224332,-4.835517
21.07,-0.146904,-3.926991,-0.623552,-0.100164,18.248484,-4.841866
21.08,-0.146791,-3.926991,-0.630276,-0.100339,18.232898,-4.848006
21.09,-0.14668,-3.926991,-0.636824,-0.100475,18.217863,-4.853938
21.1,-0.146574,-3.926991,-0.643194,-0.100573,18.203372,-4.859665
21.11,-0.14647,-3.926991,-0.649388,-0.100633,18.189417,-4.865188
21.12,-0.146369,-3.926991,-0.655404,-0.100655,18.175992,-4.870509
21.13,-0.146369,-3.926991,-0.655404,-0.100655,18.175992,-4.870509
21.14,-0.146175,-3.926991,-0.666907,-0.100588,18.150698,-4.880551
21.15,-0.146083,-3.926991,-0.672392,-0.100499,18.138814,-4.885275
21.16,-0.146083,-3.926991,-0.672392,-0.100499,18.138814,-4.885275
21.17,-0.145993,-3.926991,-0.677701,-0.100374,18.127426,-4.889804
21.18,-0.145905,-3.926991,-0.682833,-0.100212,18.116528,-4.894139
21.19,-0.145821,-3.926991,-0.687788,-0.100015,18.106111,-4.898282
21.2,-0.145739,-3.926991,-0.692567,-0.099783,18.096167,-4.902234
21.21,-0.145659,-3.926991,-0.697168,-0.099516,18.086687,-4.905997
21.22,-0.145582,-3.926991,-0.701593,-0.099214,18.077662,-4.909573
21.23,-0.145507,-3.926991,-0.705842,-0.098878,18.069086,-4.912963
21.24,-0.145435,-3.926991,-0.709914,-0.098507,18.06095,-4.916169
21.25,-0.145365,-3.926991,-0.713809,-0.098104,18.053246,-4.919193
21.26,-0.145297,-3.926991,-0.717529,-0.097667,18.045966,-4.922036
21.27,-0.145231,-3.926991,-0.721072,-0.097197,18.039102,-4.924699
21.28,-0.145167,-3.926991,-0.724439,-0.096694,18.032647,-4.927185
21.29,-0.145106,-3.926991,-0.72763,-0.09616,18.026594,-4.929496
21.3,-0.145046,-3.926991,-0.730645,-0.095593,18.020936,-4.931632
21.31,-0.144989,-3.926991,-0.733484,-0.094995,18.015665,-4.933595
21.32,-0.144933,-3.926991,-0.736148,-0.094366,18.010776,-4.935387
21.33,-0.144879,-3.926991,-0.738636,-0.093706,18.006262,-4.93701
21.34,-0.144828,-3.926991,-0.740948,-0.093015,18.002117,-4.938465
21.35,-0.144778,-3.926991,-0.743085,-0.092295,17.998335,-4.939754
21.36,-0.14473,-3.926991,-0.745046,-0.091544,17.994911,-4.940878
21.37,-0.144684,-3.926991,-0.746832,-0.090765,17.991839,-4.94184
21.38,-0.144639,-3.926991,-0.748443,-0.089956,17.989115,-4.94264
21.39,-0.144596,-3.926991,-0.749877,-0.089118,17.986734,-4.94328
21.4,-0.144555,-3.926991,-0.751137,-0.088252,17.984692,-4.943763
21.41,-0.144516,-3.926991,-0.752221,-0.087358,17.982984,-4.944089
21.42,-0.144478,-3.926991,-0.75313,-0.086437,17.981608,-4.94426
21.43,-0.144442,-3.926991,-0.753863,-0.085488,17.980561,-4.944278
21.44,-0.144407,-3.926991,-0.754421,-0.084512,17.979838,-4.944145
21.45,-0.144374,-3.926991,-0.754804,-0.083509,17.979438,-4.943862
21.46,-0.144343,-3.926991,-0.755011,-0.08248,17.979358,-4.943431
21.47,-0.144313,-3.926991,-0.755042,-0.081425,17.979597,-4.942853
21.48,-0.144284,-3.926991,-0.754897,-0.080345,17.980152,-4.942131
21.49,-0.144257,-3.926991,-0.754577,-0.079239,17.981024,-4.941265
21.5,-0.144232,-3.926991,-0.754081,-0.078108,17.98221,-4.940258
21.51,-0.144207,-3.926991,-0.753409,-0.076953,17.98371,-4.939112
21.52,-0.144185,-3.926991,-0.752561,-0.075773,17.985525,-4.937827
21.53,-0.144163,-3.926991,-0.751537,-0.074569,17.987654,-4.936406
21.54,-0.144144,-3.926991,-0.750337,-0.073342,17.990098,-4.93485
21.55,-0.144125,-3.926991,-0.74896,-0.072091,17.992858,-4.933161
21.56,-0.144108,-3.926991,-0.747406,-0.070817,17.995934,-4.931341
21.57,-0.144092,-3.926991,-0.745676,-0.06952,17.999329,-4.929392
21.58,-0.144078,-3.926991,-0.743769,-0.068201,18.003044,-4.927315
21.59,-0.144065,-3.926991,-0.741685,-0.06686,18.00708,-4.925112
21.6,-0.144053,-3.926991,-0.739423,-0.065497,18.011442,-4.922785
21.61,-0.144043,-3.926991,-0.736984,-0.064113,18.016131,-4.920336
21.62,-0.144034,-3.926991,-0.734368,-0.062707,18.021149,-4.917766
21.63,-0.144027,-3.926991,-0.731573,-0.061281,18.026502,-4.915077
21.64,-0.144021,-3.926991,-0.728601,-0.059834,18.032191,-4.912271
21.65,-0.144016,-3.926991,-0.725451,-0.058366,18.03822,-4.90935
21.66,-0.144013,-3.926991,-0.722122,-0.056878,18.044594,-4.906316
21.67,-0.144011,-3.926991,-0.718615,-0.055371,18.051317,-4.903171
21.68,-0.14401,-3.926991,-0.714929,-0.053844,18.058393,-4.899916
21.69,-0.144011,-3.926991,-0.711064,-0.052298,18.065826,-4.896554
21.7,-0.144013,-3.926991,-0.707021,-0.050733,18.073622,-4.893085
21.71,-0.144017,-3.926991,-0.702798,-0.049149,18.081784,-4.889513
21.72,-0.144022,-3.926991,-0.698396,-0.047546,18.090318,-4.885839
21.73,-0.144029,-3.926991,-0.693814,-0.045925,18.099229,-4.882066
21.74,-0.144037,-3.926991,-0.689053,-0.044287,18.108522,-4.878194
21.75,-0.144046,-3.926991,-0.684113,-0.04263,18.118202,-4.874226
21.76,-0.144058,-3.926991,-0.678992,-0.040956,18.128274,-4.870165
21.77,-0.14407,-3.926991,-0.673692,-0.039264,18.138743,-4.866011
21.78,-0.144085,-3.926991,-0.668212,-0.037555,18.149614,-4.861768
21.79,-0.144101,-3.926991,-0.662553,-0.035829,18.160892,-4.857437
21.8,-0.144118,-3.926991,-0.656713,-0.034087,18.172581,-4.85302
21.81,-0.144137,-3.926991,-0.650694,-0.032327,18.184687,-4.84852
21.82,-0.144158,-3.926991,-0.644496,-0.030552,18.197212,-4.843938
21.83,-0.144181,-3.926991,-0.638117,-0.02876,18.210162,-4.839277
21.84,-0.144205,-3.926991,-0.631559,-0.026951,18.223541,-4.834538
21.85,-0.144232,-3.926991,-0.624822,-0.025127,18.23735,-4.829725
21.86,-0.14426,-3.926991,-0.617906,-0.023287,18.251594,-4.824839
21.87,-0.14429,-3.926991,-0.610812,-0.021431,18.266274,-4.819882
21.88,-0.144321,-3.926991,-0.603538,-0.01956,18.281393,-4.814857
21.89,-0.144355,-3.926991,-0.596087,-0.017673,18.296952,-4.809766
21.9,-0.144391,-3.926991,-0.588458,-0.01577,18.312952,-4.804612
21.91,-0.144429,-3.926991,-0.580651,-0.013852,18.329392,-4.799395
21.92,-0.144468,-3.926991,-0.572668,-0.011919,18.346272,-4.79412
21.93,-0.14451,-3.926991,-0.564509,-0.009971,18.36359,-4.788788
21.94,-0.144554,-3.926991,-0.556174,-0.008007,18.381344,-4.783402
21.95,-0.144601,-3.926991,-0.547664,-0.006028,18.39953,-4.777964
21.96,-0.144649,-3.926991,-0.53898,-0.004034,18.418145,-4.772477
21.97,-0.1447,-3.926991,-0.530123,-0.002025,18.437181,-4.766942
21.98,-0.144753,-3.926991,-0.521094,0,18.456634,-4.761363
21.99,-0.144811,-3.926991,-0.511424,0,22.530247,0
22,-0.144873,-3.926991,-0.501115,0,22.579421,0
22.01,-0.144942,-3.926991,-0.49017,0,22.632281,0
22.02,-0.145016,-3.926991,-0.47859,0,22.688864,0
22.03,-0.145096,-3.926991,-0.466377,0,22.749199,0
22.04,-0.145183,-3.926991,-0.453534,0,22.813308,0
22.05,-0.145277,-3.926991,-0.440064,0,22.881202,0
22.06,-0.145378,-3.926991,-0.42597,0,22.952882,0
22.07,-0.145487,-3.926991,-0.411254,0,23.028333,0
22.08,-0.145605,-3.926991,-0.395921,0,23.107529,0
22.09,-0.145731,-3.926991,-0.379973,0,23.190421,0
22.1,-0.145866,-3.926991,-0.363416,0,23.276946,0
22.11,-0.146011,-3.926991,-0.346253,0,23.367017,0
22.12,-0.146165,-3.926991,-0.32849,0,23.460526,0
22.13,-0.146331,-3.926991,-0.31013,0,23.557338,0
22.14,-0.146507,-3.926991,-0.29118,0,23.657293,0
22.15,-0.146695,-3.926991,-0.271646,0,23.760204,0
22.16,-0.146893,-3.926991,-0.251646,0,22.818809,-1.140977
22.17,-0.147098,-3.926991,-0.231646,0,18.611397,-5.794836
22.18,-0.14731,-3.926991,-0.211646,0,18.686956,-5.725312
22.19,-0.147528,-3.926991,-0.191646,0,18.76436,-5.653493
22.2,-0.147752,-3.926991,-0.171646,0,18.843579,-5.579407
22.21,-0.147982,-3.926991,-0.151646,0,18.92458,-5.503085
22.22,-0.148219,-3.926991,-0.131646,0,19.007331,-5.424556
22.23,-0.148461,-3.926991,-0.111646,0,19.0918,-5.343852
22.24,-0.14871,-3.926991,-0.091646,0,19.177952,-5.261005
22.25,-0.148964,-3.926991,-0.071646,0,19.265753,-5.176049
22.26,-0.149224,-3.926991,-0.051646,0,19.355168,-5.089017
22.27,-0.149489,-3.926991,-0.031646,0,19.446161,-4.999943
22.28,-0.14976,-3.926991,-0.011646,0,19.538696,-4.908865
22.29,-0.150036,-3.926991,0.008354,0,19.632735,-4.815817
22.3,-0.150317,-3.926991,0.028354,0,19.728242,-4.720838
22.31,-0.150603,-3.926991,0.048354,0,19.825176,-4.623965
22.32,-0.150895,-3.926991,0.068354,0,19.923501,-4.525237
22.33,-0.151191,-3.926991,0.088354,0,20.023176,-4.424694
22.34,-0.151492,-3.926991,0.108354,0,20.124162,-4.322376
22.35,-0.151797,-3.926991,0.128354,0,20.226417,-4.218323
22.36,-0.152107,-3.926991,0.148354,0,20.329902,-4.112578
22.37,-0.152421,-3.926991,0.168354,0,20.434574,-4.005183
22.38,-0.152739,-3.926991,0.188354,0,20.540391,-3.89618
22.39,-0.153061,-3.926991,0.208354,0,20.64731,-3.785615
22.4,-0.153387,-3.926991,0.228354,0,20.75529,-3.67353
22.41,-0.153717,-3.926991,0.248354,0,20.864287,-3.559971
22.42,-0.15405,-3.926991,0.268354,0,20.974256,-3.444983
22.43,-0.154387,-3.926991,0.288354,0,21.085153,-3.328613
22.44,-0.154727,-3.926991,0.308354,0,21.196935,-3.210908
22.45,-0.15507,-3.926991,0.328354,0,21.309555,-3.091913
22.46,-0.155417,-3.926991,0.348354,0,21.422969,-2.971678
22.47,-0.155766,-3.926991,0.368354,0,21.537132,-2.85025
22.48,-0.156117,-3.926991,0.388354,0,21.651997,-2.727679
22.49,-0.156472,-3.926991,0.408354,0,21.767517,-2.604012
22.5,-0.156828,-3.926991,0.428354,0,21.883648,-2.479301
22.51,-0.157187,-3.926991,0.448354,0,22.000341,-2.353595
22.52,-0.157548,-3.926991,0.468354,0,22.11755,-2.226944
22.53,-0.157911,-3.926991,0.488354,0,22.235227,-2.0994
22.54,-0.158276,-3.926991,0.508354,0,22.353327,-1.971013
22.55,-0.158643,-3.926991,0.528354,0,22.4718,-1.841836
22.56,-0.15901,-3.926991,0.548354,0,22.590599,-1.711919
22.57,-0.159379,-3.926991,0.568354,0,22.709677,-1.581316
22.58,-0.159379,-3.926991,0.568354,0,22.709677,-1.581316
22.59,-0.15975,-3.926991,0.588354,0,22.828985,-1.450078
22.6,-0.160493,-3.926991,0.628354,0,23.0681,-1.185911
22.61,-0.160493,-3.926991,0.628354,0,23.0681,-1.185911
22.62,-0.160866,-3.926991,0.648354,0,23.187812,-1.053087
22.63,-0.161239,-3.926991,0.668354,0,23.307561,-0.919841
22.64,-0.161613,-3.926991,0.688354,0,23.4273,-0.786227
22.65,-0.161987,-3.926991,0.708354,0,23.546981,-0.652297
22.66,-0.162361,-3.926991,0.728354,0,23.666556,-0.518106
22.67,-0.162735,-3.926991,0.748354,0,23.785976,-0.383708
22.68,-0.163109,-3.926991,0.768354,0,23.905193,-0.249156
22.69,-0.163482,-3.926991,0.788354,0,24.02416,-0.114505
22.7,-0.163855,-3.926991,0.808352,0,24.118596,0
22.71,-0.164227,-3.926991,0.828335,0,24.074476,0
22.72,-0.164597,-3.926991,0.848289,0,24.027931,0
22.73,-0.164966,-3.926991,0.868201,0,23.979119,0
22.74,-0.165333,-3.926991,0.888058,0,23.92821,0
22.75,-0.165697,-3.926991,0.907847,0,23.87538,0
22.76,-0.166058,-3.926991,0.927555,0,23.820815,0
22.77,-0.166416,-3.926991,0.947168,0,23.764705,0
22.78,-0.16677,-3.926991,0.966674,0,23.707246,0
22.79,-0.167121,-3.926991,0.986061,0,23.648636,0
22.8,-0.167467,-3.926991,1.005314,0,23.589077,0
22.81,-0.167809,-3.926991,1.024423,0,23.528769,0
22.82,-0.168146,-3.926991,1.043373,0,23.467913,0
22.83,-0.168478,-3.926991,1.062155,0,23.406707,0
22.84,-0.168805,-3.926991,1.080754,0,23.345347,0
22.85,-0.169126,-3.926991,1.09916,0,23.284023,0
22.86,-0.169441,-3.926991,1.11736,0,23.22292,0
22.87,-0.16975,-3.926991,1.135344,0,23.162217,0
22.88,-0.170053,-3.926991,1.153099,0,23.102082,0
22.89,-0.170349,-3.926991,1.170616,0,23.04268,0
22.9,-0.170639,-3.926991,1.187883,0,22.984162,0
22.91,-0.170922,-3.926991,1.204889,0,22.926671,0
22.92,-0.171198,-3.926991,1.221624,0,22.870339,0
22.93,-0.171468,-3.926991,1.238079,0,22.815288,0
22.94,-0.17173,-3.926991,1.254242,0,22.761627,0
22.95,-0.171985,-3.926991,1.270106,0,22.709456,0
22.96,-0.172232,-3.926991,1.285659,0,22.658861,0
22.97,-0.172473,-3.926991,1.300894,0,22.609918,0
22.98,-0.172706,-3.926991,1.315801,0,22.56269,0
22.99,-0.172932,-3.926991,1.330371,0,22.51723,0
23,-0.17315,-3.926991,1.344598,0,22.47358,0
23.01,-0.173361,-3.926991,1.358471,0,22.431769,0
23.02,-0.173564,-3.926991,1.371985,0,22.391819,0
23.03,-0.173761,-3.926991,1.38513,0,22.353739,0
23.04,-0.173949,-3.926991,1.3979,0,22.317531,0
23.05,-0.174131,-3.926991,1.410289,0,22.283186,0
23.06,-0.174305,-3.926991,1.422289,0,22.250689,0
23.07,-0.174472,-3.926991,1.433894,0,22.220017,0
23.08,-0.174632,-3.926991,1.445097,0,22.191137,0
23.09,-0.174784,-3.926991,1.455893,0,22.164015,0
23.1,-0.17493,-3.926991,1.466277,0,22.138608,0
23.11,-0.175069,-3.926991,1.476242,0,22.114869,0
23.12,-0.1752,-3.926991,1.485785,0,22.092747,0
23.13,-0.175325,-3.926991,1.494899,0,22.072188,0
23.14,-0.175443,-3.926991,1.50358,0,22.053135,0
23.15,-0.175555,-3.926991,1.511825,0,22.035528,0
23.16,-0.175659,-3.926991,1.519628,0,22.019308,0
23.17,-0.175758,-3.926991,1.526987,0,22.004413,0
23.18,-0.175849,-3.926991,1.533897,0,21.990783,0
23.19,-0.175935,-3.926991,1.540355,0,21.978357,0
23.2,-0.176014,-3.926991,1.546358,0,21.967075,0
23.21,-0.176087,-3.926991,1.551903,0,21.956879,0
23.22,-0.176153,-3.926991,1.556987,0,21.947714,0
23.23,-0.176214,-3.926991,1.561609,0,21.939527,0
23.24,-0.176268,-3.926991,1.565765,0,21.932266,0
23.25,-0.176317,-3.926991,1.569454,0,21.925884,0
23.26,-0.176359,-3.926991,1.572675,0,21.92034,0
23.27,-0.176396,-3.926991,1.575425,0,21.915592,0
23.28,-0.176426,-3.926991,1.577703,0,21.911607,0
23.29,-0.176451,-3.926991,1.579509,0,21.908354,0
23.3,-0.17647,-3.926991,1.580841,0,21.905807,0
23.31,-0.176484,-3.926991,1.581699,0,21.903945,0
23.32,-0.176491,-3.926991,1.582083,0,21.902753,0
23.33,-0.176493,-3.926991,1.581992,0,21.90222,0
23.34,-0.176488,-3.926991,1.581426,0,21.902342,0
23.35,-0.176479,-3.926991,1.580385,0,21.903117,0
23.36,-0.176463,-3.926991,1.578871,0,21.904553,0
23.37,-0.176441,-3.926991,1.576884,0,21.906658,0
23.38,-0.176414,-3.926991,1.574424,0,21.90945,0
23.39,-0.176381,-3.926991,1.571493,0,21.912948,0
23.4,-0.176342,-3.926991,1.568092,0,21.91718,0
23.41,-0.176297,-3.926991,1.564223,0,21.922174,0
23.42,-0.176246,-3.926991,1.559888,0,21.927968,0
23.43,-0.176188,-3.926991,1.555088,0,21.934599,0
23.44,-0.176125,-3.926991,1.549826,0,21.942111,0
23.45,-0.176056,-3.926991,1.544105,0,21.950552,0
23.46,-0.175981,-3.926991,1.537927,0,21.959972,0
23.47,-0.175899,-3.926991,1.531295,0,21.970425,0
23.48,-0.175811,-3.926991,1.524212,0,21.981966,0
23.49,-0.175716,-3.926991,1.516682,0,21.994654,0
23.5,-0.175615,-3.926991,1.508709,0,22.008548,0
23.51,-0.175508,-3.926991,1.500296,0,22.023708,0
23.52,-0.175394,-3.926991,1.491448,0,22.040197,0
23.53,-0.175273,-3.926991,1.482169,0,22.058075,0
23.54,-0.175145,-3.926991,1.472463,0,22.077402,0
23.55,-0.175011,-3.926991,1.462337,0,22.098238,0
23.56,-0.174869,-3.926991,1.451794,0,22.120639,0
23.57,-0.174721,-3.926991,1.440841,0,22.14466,0
23.58,-0.174566,-3.926991,1.429482,0,22.170351,0
23.59,-0.174403,-3.926991,1.417725,0,22.19776,0
23.6,-0.174234,-3.926991,1.405575,0,22.226929,0
23.61,-0.174057,-3.926991,1.393039,0,22.257893,0
23.62,-0.173873,-3.926991,1.380124,0,22.290684,0
23.63,-0.173682,-3.926991,1.366837,0,22.325325,0
23.64,-0.173483,-3.926991,1.353184,0,22.361831,0
23.65,-0.173277,-3.926991,1.339174,0,22.40021,0
23.66,-0.173064,-3.926991,1.324815,0,22.440461,0
23.67,-0.172844,-3.926991,1.310114,0,22.482574,0
23.68,-0.172616,-3.926991,1.29508,0,22.526527,0
23.69,-0.172382,-3.926991,1.279722,0,22.57229,0
23.7,-0.17214,-3.926991,1.264049,0,22.619821,0
23.71,-0.17189,-3.926991,1.248069,0,22.669068,0
23.72,-0.171634,-3.926991,1.231793,0,22.719966,0
23.73,-0.171371,-3.926991,1.21523,0,22.772438,0
23.74,-0.171101,-3.926991,1.198389,0,22.826399,0
23.75,-0.170824,-3.926991,1.181282,0,22.881748,0
23.76,-0.170541,-3.926991,1.163918,0,22.938376,0
23.77,-0.170251,-3.926991,1.146309,0,22.99616,0
23.78,-0.169955,-3.926991,1.128465,0,23.054967,0
23.79,-0.169653,-3.926991,1.110397,0,23.114655,0
23.8,-0.169345,-3.926991,1.092116,0,23.17507,0
23.81,-0.169031,-3.926991,1.073635,0,23.23605,0
23.82,-0.168712,-3.926991,1.054964,0,23.297423,0
23.83,-0.168388,-3.926991,1.036117,0,23.359012,0
23.84,-0.168059,-3.926991,1.017104,0,23.42063,0
23.85,-0.167725,-3.926991,0.997939,0,23.482086,0
23.86,-0.167386,-3.926991,0.978633,0,23.543186,0
23.87,-0.167044,-3.926991,0.9592,0,23.603729,0
23.88,-0.166698,-3.926991,0.939651,0,23.663516,0
23.89,-0.166349,-3.926991,0.92,0,23.722344,0
23.9,-0.165996,-3.926991,0.90026,0,23.780012,0
23.91,-0.165641,-3.926991,0.880443,0,23.836321,0
23.92,-0.165283,-3.926991,0.860564,0,23.891075,0
23.93,-0.165283,-3.926991,0.860564,0,23.891075,0
23.94,-0.164924,-3.926991,0.840634,0,23.944084,0
23.95,-0.164201,-3.926991,0.800678,0,24.044131,0
23.96,-0.164201,-3.926991,0.800678,0,24.044131,0
23.97,-0.163474,-3.926991,0.76068,0,24.135076,0
23.98,-0.163474,-3.926991,0.76068,0,24.135076,0
23.99,-0.163111,-3.926991,0.7407,0,24.176746,0
24,-0.162747,-3.926991,0.720749,0,24.215694,0
