time_elapsed,pos1,pos2,pos3,vel1,vel2,vel3,torque1,torque2,torque3
0.658,0.002713,-3.905925,-0.001739,-0.000401,0.093576,-0.001902,0.126746,20.994404,-4.399537
0.668,0.002709,-3.904962,-0.001758,-0.000401,0.096292,-0.001912,0.127989,21.041165,-4.392051
0.678,0.002705,-3.903971,-0.001777,-0.000402,0.099039,-0.001922,0.129201,21.088366,-4.384473
0.688,0.002701,-3.902953,-0.001796,-0.000402,0.101815,-0.001931,0.130382,21.136014,-4.376798
0.698,0.002697,-3.901907,-0.001816,-0.000402,0.104621,-0.001940,0.131533,21.184115,-4.369026
0.708,0.002693,-3.900832,-0.001835,-0.000402,0.107457,-0.001947,0.132652,21.232678,-4.361155
0.718,0.002689,-3.899729,-0.001855,-0.000402,0.110322,-0.001954,0.133740,21.281709,-4.353183
0.728,0.002684,-3.898597,-0.001874,-0.000402,0.113215,-0.001960,0.134797,21.331214,-4.345108
0.738,0.002680,-3.897436,-0.001894,-0.000402,0.116137,-0.001966,0.135821,21.381201,-4.336928
0.748,0.002676,-3.896245,-0.001914,-0.000402,0.119086,-0.001971,0.136813,21.431675,-4.328641
0.758,0.002672,-3.895024,-0.001934,-0.000401,0.122063,-0.001975,0.137773,21.482644,-4.320246
0.768,0.002668,-3.893774,-0.001953,-0.000401,0.125068,-0.001978,0.138700,21.534112,-4.311741
0.778,0.002664,-3.892493,-0.001973,-0.000401,0.128100,-0.001980,0.139594,21.586086,-4.303123
0.788,0.002660,-3.891181,-0.001993,-0.000400,0.131158,-0.001982,0.140455,21.638572,-4.294392
0.799,0.002656,-3.889839,-0.002013,-0.000400,0.134242,-0.001983,0.141282,21.691576,-4.285545
0.808,0.002652,-3.888465,-0.002033,-0.000399,0.137353,-0.001984,0.142075,21.745101,-4.276580
0.818,0.002648,-3.887060,-0.002053,-0.000399,0.140489,-0.001984,0.142833,21.799155,-4.267496
0.828,0.002644,-3.885624,-0.002072,-0.000398,0.143650,-0.001983,0.143558,21.853741,-4.258290
0.838,0.002641,-3.884155,-0.002092,-0.000397,0.146837,-0.001981,0.144247,21.908865,-4.248961
0.848,0.002637,-3.882655,-0.002112,-0.000397,0.150048,-0.001978,0.144901,21.964532,-4.239508
0.858,0.002633,-3.881122,-0.002132,-0.000396,0.153283,-0.001975,0.145520,22.020745,-4.229927
0.868,0.002629,-3.879557,-0.002151,-0.000395,0.156543,-0.001972,0.146104,22.077509,-4.220217
0.878,0.002625,-3.877958,-0.002171,-0.000394,0.159826,-0.001967,0.146651,22.134828,-4.210377
0.888,0.002621,-3.876327,-0.002191,-0.000393,0.163132,-0.001962,0.147162,22.192706,-4.200405
0.898,0.002617,-3.874662,-0.002210,-0.000392,0.166462,-0.001956,0.147636,22.251147,-4.190298
0.908,0.002613,-3.872964,-0.002230,-0.000391,0.169814,-0.001950,0.148073,22.310154,-4.180055
0.918,0.002609,-3.871232,-0.002249,-0.000390,0.173188,-0.001942,0.148474,22.369731,-4.169673
0.928,0.002605,-3.869466,-0.002269,-0.000389,0.176585,-0.001935,0.148836,22.429881,-4.159152
0.938,0.002601,-3.867666,-0.002288,-0.000387,0.180003,-0.001926,0.149161,22.490606,-4.148489
0.948,0.002597,-3.865832,-0.002307,-0.000386,0.183443,-0.001917,0.149448,22.551910,-4.137682
0.958,0.002594,-3.863963,-0.002326,-0.000385,0.186904,-0.001907,0.149696,22.613795,-4.126729
0.968,0.002590,-3.862059,-0.002345,-0.000383,0.190386,-0.001897,0.149905,22.676263,-4.115629
0.978,0.002586,-3.860120,-0.002364,-0.000382,0.193888,-0.001886,0.150076,22.739317,-4.104379
0.988,0.002582,-3.858146,-0.002383,-0.000381,0.197410,-0.001874,0.150207,22.802958,-4.092978
0.998,0.002578,-3.856137,-0.002401,-0.000379,0.200952,-0.001862,0.150298,22.867188,-4.081423
1.008,0.002575,-3.854091,-0.002420,-0.000378,0.204514,-0.001849,0.150349,22.932009,-4.069713
1.018,0.002571,-3.852011,-0.002438,-0.000376,0.208095,-0.001836,0.150360,22.997422,-4.057846
1.028,0.002567,-3.849894,-0.002456,-0.000374,0.211696,-0.001822,0.150330,23.063429,-4.045820
1.038,0.002563,-3.847740,-0.002474,-0.000373,0.215314,-0.001808,0.150260,23.130029,-4.033633
1.048,0.002560,-3.845551,-0.002492,-0.000371,0.218951,-0.001793,0.150148,23.197224,-4.021282
1.058,0.002556,-3.843325,-0.002510,-0.000369,0.222607,-0.001777,0.149994,23.265014,-4.008767
1.068,0.002552,-3.841062,-0.002528,-0.000368,0.226279,-0.001761,0.149798,23.333399,-3.996085
1.078,0.002549,-3.838762,-0.002545,-0.000366,0.229970,-0.001745,0.149561,23.402380,-3.983233
1.088,0.002545,-3.836426,-0.002562,-0.000364,0.233677,-0.001728,0.149281,23.471956,-3.970211
1.098,0.002541,-3.834052,-0.002580,-0.000362,0.237402,-0.001710,0.148957,23.542127,-3.957016
1.108,0.002538,-3.831640,-0.002596,-0.000360,0.241143,-0.001692,0.148591,23.612892,-3.943646
1.118,0.002534,-3.829191,-0.002613,-0.000358,0.244900,-0.001674,0.148181,23.684251,-3.930100
1.128,0.002531,-3.826704,-0.002630,-0.000356,0.248673,-0.001655,0.147728,23.756201,-3.916374
1.138,0.002527,-3.824180,-0.002646,-0.000354,0.252462,-0.001635,0.147230,23.828743,-3.902468
1.148,0.002523,-3.821617,-0.002662,-0.000352,0.256267,-0.001616,0.146688,23.901874,-3.888379
1.158,0.002520,-3.819016,-0.002678,-0.000350,0.260086,-0.001596,0.146101,23.975592,-3.874105
1.168,0.002517,-3.816377,-0.002694,-0.000348,0.263921,-0.001575,0.145469,24.049896,-3.859644
1.178,0.002513,-3.813699,-0.002709,-0.000346,0.267769,-0.001554,0.144792,24.124784,-3.844994
1.188,0.002510,-3.810983,-0.002725,-0.000344,0.271633,-0.001533,0.144069,24.200252,-3.830154
1.198,0.002506,-3.808228,-0.002740,-0.000342,0.275510,-0.001512,0.143300,24.276298,-3.815121
1.208,0.002503,-3.805434,-0.002755,-0.000340,0.279400,-0.001490,0.142484,24.352919,-3.799892
1.218,0.002499,-3.802601,-0.002769,-0.000338,0.283305,-0.001468,0.141623,24.430112,-3.784467
1.228,0.002496,-3.799729,-0.002784,-0.000335,0.287222,-0.001445,0.140714,24.507874,-3.768843
1.238,0.002493,-3.796817,-0.002798,-0.000333,0.291152,-0.001422,0.139758,24.586200,-3.753018
1.248,0.002489,-3.793866,-0.002812,-0.000331,0.295095,-0.001399,0.138754,24.665087,-3.736990
1.258,0.002486,-3.790876,-0.002826,-0.000329,0.299050,-0.001376,0.137703,24.744530,-3.720757
1.268,0.002483,-3.787845,-0.002839,-0.000327,0.303017,-0.001353,0.136603,24.824526,-3.704317
1.278,0.002480,-3.784776,-0.002853,-0.000324,0.306996,-0.001329,0.135455,24.905068,-3.687668
1.288,0.002476,-3.781666,-0.002866,-0.000322,0.310987,-0.001305,0.134259,24.986154,-3.670808
1.298,0.002473,-3.778516,-0.002879,-0.000320,0.314988,-0.001281,0.133013,25.067776,-3.653735
1.308,0.002470,-3.775326,-0.002891,-0.000318,0.319001,-0.001257,0.131719,25.149930,-3.636446
1.318,0.002467,-3.772096,-0.002904,-0.000315,0.323024,-0.001233,0.130374,25.232610,-3.618940
1.328,0.002464,-3.768825,-0.002916,-0.000313,0.327058,-0.001209,0.128980,25.315811,-3.601215
1.338,0.002461,-3.765514,-0.002927,-0.000311,0.331102,-0.001184,0.127536,25.399524,-3.583269
1.348,0.002458,-3.762162,-0.002939,-0.000309,0.335155,-0.001160,0.126041,25.483745,-3.565099
1.358,0.002454,-3.758770,-0.002950,-0.000306,0.339218,-0.001135,0.124496,25.568467,-3.546704
1.368,0.002451,-3.755337,-0.002961,-0.000304,0.343291,-0.001111,0.122900,25.653682,-3.528082
1.378,0.002448,-3.751864,-0.002972,-0.000302,0.347373,-0.001086,0.121253,25.739383,-3.509231
1.388,0.002445,-3.748349,-0.002983,-0.000300,0.351463,-0.001062,0.119554,25.825562,-3.490148
1.398,0.002442,-3.744793,-0.002993,-0.000298,0.355562,-0.001037,0.117804,25.912212,-3.470831
1.408,0.002439,-3.741197,-0.003003,-0.000295,0.359670,-0.001012,0.116002,25.999325,-3.451279
1.419,0.002437,-3.737559,-0.003013,-0.000293,0.363785,-0.000988,0.114148,26.086891,-3.431490
1.428,0.002434,-3.733880,-0.003023,-0.000291,0.367908,-0.000964,0.112242,26.174903,-3.411461
1.438,0.002431,-3.730159,-0.003032,-0.000289,0.372039,-0.000939,0.110283,26.263352,-3.391191
1.448,0.002428,-3.726397,-0.003042,-0.000287,0.376177,-0.000915,0.108271,26.352227,-3.370678
1.458,0.002425,-3.722594,-0.003050,-0.000285,0.380322,-0.000891,0.106206,26.441521,-3.349920
1.468,0.002422,-3.718750,-0.003059,-0.000282,0.384474,-0.000867,0.104088,26.531222,-3.328914
1.478,0.002419,-3.714863,-0.003068,-0.000280,0.388633,-0.000843,0.101917,26.621321,-3.307659
1.488,0.002417,-3.710935,-0.003076,-0.000278,0.392797,-0.000820,0.099693,26.711808,-3.286153
1.498,0.002414,-3.706966,-0.003084,-0.000276,0.396968,-0.000797,0.097414,26.802672,-3.264393
1.508,0.002411,-3.702954,-0.003091,-0.000274,0.401144,-0.000773,0.095082,26.893902,-3.242379
1.519,0.002408,-3.698901,-0.003099,-0.000272,0.405326,-0.000751,0.092696,26.985486,-3.220108
1.528,0.002406,-3.694806,-0.003106,-0.000270,0.409514,-0.000728,0.090255,27.077414,-3.197578
1.538,0.002406,-3.694806,-0.003106,-0.000270,0.409514,-0.000728,0.090255,27.077414,-3.197578
1.548,0.002403,-3.690669,-0.003113,-0.000268,0.413706,-0.000706,0.087760,27.169673,-3.174788
1.558,0.002400,-3.686490,-0.003120,-0.000266,0.417903,-0.000684,0.085211,27.262252,-3.151735
1.568,0.002398,-3.682269,-0.003127,-0.000264,0.422105,-0.000662,0.082607,27.355138,-3.128417
1.578,0.002395,-3.678005,-0.003133,-0.000262,0.426310,-0.000641,0.079949,27.448318,-3.104834
1.588,0.002392,-3.673700,-0.003139,-0.000261,0.430520,-0.000620,0.077236,27.541780,-3.080982
1.598,0.002390,-3.669353,-0.003145,-0.000259,0.434734,-0.000599,0.074467,27.635510,-3.056861
1.608,0.002387,-3.664963,-0.003151,-0.000257,0.438952,-0.000579,0.071644,27.729495,-3.032469
1.618,0.002385,-3.660532,-0.003157,-0.000255,0.443172,-0.000559,0.068766,27.823721,-3.007803
1.628,0.002382,-3.656058,-0.003162,-0.000253,0.447396,-0.000540,0.065833,27.918174,-2.982862
1.638,0.002380,-3.651541,-0.003167,-0.000252,0.451623,-0.000521,0.062845,28.012839,-2.957644
1.648,0.002377,-3.646983,-0.003172,-0.000250,0.455852,-0.000503,0.059802,28.107703,-2.932148
1.658,0.002375,-3.642382,-0.003177,-0.000248,0.460084,-0.000485,0.056703,28.202749,-2.906372
1.668,0.002372,-3.637739,-0.003182,-0.000247,0.464318,-0.000467,0.053550,28.297963,-2.880315
1.678,0.002370,-3.633053,-0.003186,-0.000245,0.468554,-0.000450,0.050341,28.393329,-2.853974
1.688,0.002367,-3.628325,-0.003191,-0.000244,0.472792,-0.000434,0.047077,28.488831,-2.827348
1.698,0.002365,-3.623555,-0.003195,-0.000242,0.477031,-0.000418,0.043758,28.584454,-2.800436
1.708,0.002363,-3.618742,-0.003199,-0.000241,0.481271,-0.000403,0.040384,28.680180,-2.773237
1.719,0.002360,-3.613887,-0.003203,-0.000239,0.485513,-0.000388,0.036955,28.775993,-2.745747
1.728,0.002358,-3.608990,-0.003207,-0.000238,0.489755,-0.000374,0.033471,28.871876,-2.717967
1.738,0.002355,-3.604050,-0.003210,-0.000237,0.493997,-0.000361,0.029932,28.967811,-2.689895
1.748,0.002353,-3.599067,-0.003214,-0.000235,0.498241,-0.000348,0.026339,29.063781,-2.661529
1.758,0.002351,-3.594043,-0.003217,-0.000234,0.502484,-0.000336,0.022691,29.159769,-2.632868
1.768,0.002348,-3.588975,-0.003220,-0.000233,0.506727,-0.000324,0.018989,29.255755,-2.603911
1.778,0.002346,-3.583866,-0.003223,-0.000232,0.510970,-0.000313,0.015232,29.351722,-2.574656
1.788,0.002344,-3.578713,-0.003226,-0.000231,0.515212,-0.000303,0.011421,29.447650,-2.545102
1.798,0.002341,-3.573519,-0.003229,-0.000229,0.519453,-0.000294,0.007557,29.543521,-2.515249
1.808,0.002339,-3.568282,-0.003232,-0.000228,0.523694,-0.000285,0.003639,29.639315,-2.485094
1.819,0.002337,-3.563003,-0.003235,-0.000227,0.527933,-0.000277,-0.000332,29.735013,-2.454636
1.828,0.002335,-3.557681,-0.003238,-0.000226,0.532171,-0.000269,-0.004357,29.830594,-2.423876
1.838,0.002332,-3.552317,-0.003240,-0.000225,0.536407,-0.000263,-0.008435,29.926038,-2.392810
1.848,0.002330,-3.546910,-0.003243,-0.000225,0.540641,-0.000257,-0.012565,30.021326,-2.361440
1.858,0.002328,-3.541462,-0.003245,-0.000224,0.544873,-0.000252,-0.016747,30.116436,-2.329762
1.868,0.002326,-3.535971,-0.003248,-0.000223,0.549103,-0.000248,-0.020981,30.211346,-2.297778
1.878,0.002323,-3.530437,-0.003250,-0.000222,0.553331,-0.000245,-0.025267,30.306037,-2.265485
1.888,0.002321,-3.524862,-0.003253,-0.000221,0.557556,-0.000242,-0.029604,30.400485,-2.232883
1.898,0.002319,-3.519244,-0.003255,-0.000220,0.561777,-0.000241,-0.033992,30.494670,-2.199972
1.908,0.002317,-3.513584,-0.003258,-0.000220,0.565996,-0.000240,-0.038431,30.588569,-2.166750
1.918,0.002315,-3.507882,-0.003260,-0.000219,0.570212,-0.000240,-0.042919,30.682159,-2.133216
1.928,0.002312,-3.502138,-0.003262,-0.000218,0.574423,-0.000241,-0.047457,30.775418,-2.099371
1.938,0.002310,-3.496351,-0.003265,-0.000218,0.578631,-0.000242,-0.052044,30.868323,-2.065214
1.948,0.002308,-3.490523,-0.003267,-0.000217,0.582835,-0.000245,-0.056680,30.960851,-2.030744
1.958,0.002306,-3.484653,-0.003270,-0.000217,0.587035,-0.000248,-0.061363,31.052977,-1.995961
1.969,0.002304,-3.478740,-0.003272,-0.000216,0.591231,-0.000253,-0.066094,31.144679,-1.960864
1.978,0.002302,-3.472786,-0.003275,-0.000216,0.595422,-0.000258,-0.070872,31.235933,-1.925453
1.988,0.002299,-3.466790,-0.003277,-0.000215,0.599608,-0.000264,-0.075697,31.326713,-1.889728
1.998,0.002297,-3.460752,-0.003280,-0.000215,0.603789,-0.000272,-0.080567,31.416996,-1.853689
2.008,0.002295,-3.454673,-0.003283,-0.000214,0.607965,-0.000280,-0.085482,31.506756,-1.817335
2.018,0.002293,-3.448551,-0.003286,-0.000214,0.612136,-0.000289,-0.090442,31.595969,-1.780667
2.028,0.002291,-3.442388,-0.003289,-0.000214,0.616301,-0.000299,-0.095445,31.684610,-1.743684
2.038,0.002289,-3.436184,-0.003292,-0.000213,0.620461,-0.000310,-0.100491,31.772652,-1.706386
2.048,0.002287,-3.429937,-0.003295,-0.000213,0.624614,-0.000322,-0.105580,31.860070,-1.668774
2.058,0.002285,-3.423650,-0.003298,-0.000212,0.628761,-0.000335,-0.110710,31.946838,-1.630848
2.068,0.002282,-3.417321,-0.003302,-0.000212,0.632902,-0.000349,-0.115881,32.032931,-1.592608
2.078,0.002280,-3.410950,-0.003306,-0.000212,0.637036,-0.000364,-0.121092,32.118320,-1.554054
2.088,0.002278,-3.404539,-0.003309,-0.000212,0.641164,-0.000380,-0.126342,32.202980,-1.515187
2.098,0.002276,-3.398086,-0.003313,-0.000211,0.645285,-0.000397,-0.131631,32.286885,-1.476008
2.108,0.002274,-3.391592,-0.003318,-0.000211,0.649398,-0.000415,-0.136957,32.370005,-1.436516
2.118,0.002272,-3.385057,-0.003322,-0.000211,0.653504,-0.000434,-0.142319,32.452316,-1.396713
2.128,0.002270,-3.378481,-0.003326,-0.000211,0.657603,-0.000454,-0.147717,32.533788,-1.356599
2.138,0.002268,-3.371864,-0.003331,-0.000210,0.661694,-0.000475,-0.153149,32.614395,-1.316174
2.148,0.002266,-3.365206,-0.003336,-0.000210,0.665777,-0.000497,-0.158615,32.694107,-1.275441
2.158,0.002263,-3.358508,-0.003341,-0.000210,0.669853,-0.000520,-0.164113,32.772898,-1.234400
2.168,0.002261,-3.351769,-0.003347,-0.000209,0.673919,-0.000545,-0.169643,32.850740,-1.193051
2.178,0.002259,-3.344989,-0.003352,-0.000209,0.677978,-0.000570,-0.175204,32.927602,-1.151396
2.188,0.002257,-3.338168,-0.003358,-0.000209,0.682028,-0.000596,-0.180794,33.003458,-1.109437
2.198,0.002255,-3.331308,-0.003365,-0.000209,0.686069,-0.000624,-0.186412,33.078277,-1.067174
2.208,0.002253,-3.324407,-0.003371,-0.000208,0.690101,-0.000652,-0.192057,33.152032,-1.024608
2.219,0.002251,-3.317466,-0.003378,-0.000208,0.694124,-0.000682,-0.197729,33.224693,-0.981742
2.228,0.002249,-3.310484,-0.003385,-0.000208,0.698138,-0.000713,-0.203425,33.296230,-0.938576
2.238,0.002247,-3.303463,-0.003393,-0.000207,0.702143,-0.000745,-0.209144,33.366615,-0.895113
2.248,0.002245,-3.296401,-0.003400,-0.000207,0.706137,-0.000778,-0.214886,33.435818,-0.851353
2.258,0.002243,-3.289300,-0.003409,-0.000206,0.710122,-0.000812,-0.220649,33.503809,-0.807300
2.268,0.002241,-3.282159,-0.003417,-0.000206,0.714097,-0.000847,-0.226432,33.570559,-0.762954
2.278,0.002239,-3.274979,-0.003426,-0.000206,0.718062,-0.000883,-0.232233,33.636036,-0.718318
2.288,0.002236,-3.267758,-0.003435,-0.000205,0.722017,-0.000921,-0.238052,33.700213,-0.673394
2.298,0.002234,-3.260499,-0.003445,-0.000204,0.725961,-0.000959,-0.243886,33.763057,-0.628183
2.308,0.002232,-3.253200,-0.003455,-0.000204,0.729894,-0.000999,-0.249734,33.824540,-0.582689
2.318,0.002230,-3.245862,-0.003465,-0.000203,0.733816,-0.001040,-0.255595,33.884631,-0.536913
2.328,0.002228,-3.238484,-0.003476,-0.000202,0.737728,-0.001082,-0.261468,33.943299,-0.490858
2.338,0.002226,-3.231068,-0.003487,-0.000202,0.741628,-0.001125,-0.267351,34.000514,-0.444527
2.348,0.002224,-3.223613,-0.003499,-0.000201,0.745518,-0.001170,-0.273242,34.056245,-0.397922
2.358,0.002222,-3.216119,-0.003511,-0.000200,0.749395,-0.001215,-0.279140,34.110462,-0.351045
2.368,0.002220,-3.208586,-0.003524,-0.000199,0.753261,-0.001262,-0.285043,34.163134,-0.303901
2.378,0.002218,-3.201015,-0.003537,-0.000198,0.757116,-0.001310,-0.290951,34.214231,-0.256490
2.388,0.002216,-3.193406,-0.003550,-0.000197,0.760958,-0.001359,-0.296860,34.263721,-0.208818
2.398,0.002214,-3.185758,-0.003564,-0.000196,0.764789,-0.001409,-0.302771,34.311574,-0.160886
2.408,0.002212,-3.178072,-0.003579,-0.000195,0.768607,-0.001461,-0.308680,34.357760,-0.112698
2.418,0.002211,-3.170347,-0.003594,-0.000193,0.772413,-0.001514,-0.314587,34.402246,-0.064258
2.428,0.002209,-3.162585,-0.003610,-0.000192,0.776206,-0.001568,-0.320489,34.445004,-0.015568
2.438,0.002207,-3.154786,-0.003626,-0.000190,0.779987,-0.001623,-0.326386,34.486001,0.033368
2.448,0.002205,-3.146948,-0.003643,-0.000189,0.783755,-0.001680,-0.332275,34.525207,0.082546
2.458,0.002203,-3.139073,-0.003660,-0.000187,0.787510,-0.001738,-0.338154,34.562592,0.131962
2.469,0.002201,-3.131160,-0.003678,-0.000185,0.791252,-0.001797,-0.344022,34.598124,0.181613
2.478,0.002199,-3.123211,-0.003697,-0.000184,0.794980,-0.001858,-0.349877,34.631773,0.231494
2.488,0.002197,-3.115224,-0.003716,-0.000182,0.798696,-0.001920,-0.355717,34.663508,0.281602
2.498,0.002196,-3.107200,-0.003736,-0.000179,0.802398,-0.001983,-0.361541,34.693300,0.331933
2.508,0.002194,-3.099139,-0.003756,-0.000177,0.806086,-0.002048,-0.367346,34.721116,0.382482
2.519,0.002192,-3.091041,-0.003777,-0.000175,0.809760,-0.002114,-0.373131,34.746927,0.433244
2.528,0.002190,-3.082907,-0.003799,-0.000172,0.813421,-0.002181,-0.378894,34.770703,0.484217
2.538,0.002189,-3.074736,-0.003822,-0.000170,0.817068,-0.002250,-0.384633,34.792413,0.535394
2.548,0.002187,-3.066529,-0.003845,-0.000167,0.820700,-0.002320,-0.390346,34.812028,0.586771
2.558,0.002185,-3.058286,-0.003869,-0.000164,0.824319,-0.002392,-0.396031,34.829517,0.638344
2.568,0.002184,-3.050007,-0.003893,-0.000161,0.827923,-0.002465,-0.401686,34.844850,0.690107
2.578,0.002182,-3.041692,-0.003919,-0.000158,0.831512,-0.002539,-0.407309,34.857998,0.742057
2.588,0.002181,-3.033341,-0.003945,-0.000154,0.835087,-0.002615,-0.412899,34.868930,0.794186
2.598,0.002179,-3.024954,-0.003972,-0.000150,0.838647,-0.002693,-0.418453,34.877619,0.846492
2.608,0.002178,-3.016533,-0.004000,-0.000147,0.842193,-0.002772,-0.423970,34.884034,0.898967
2.618,0.002176,-3.008075,-0.004028,-0.000143,0.845723,-0.002853,-0.429446,34.888147,0.951607
2.628,0.002175,-2.999583,-0.004058,-0.000139,0.849239,-0.002935,-0.434882,34.889928,1.004407
2.638,0.002174,-2.991055,-0.004088,-0.000134,0.852739,-0.003019,-0.440273,34.889350,1.057360
2.648,0.002172,-2.982493,-0.004119,-0.000130,0.856224,-0.003105,-0.445619,34.886382,1.110462
2.658,0.002171,-2.973896,-0.004151,-0.000125,0.859694,-0.003192,-0.450918,34.880998,1.163705
2.668,0.002170,-2.965265,-0.004183,-0.000120,0.863148,-0.003281,-0.456166,34.873170,1.217085
2.678,0.002169,-2.956599,-0.004217,-0.000115,0.866586,-0.003372,-0.461363,34.862869,1.270596
2.688,0.002168,-2.947899,-0.004252,-0.000109,0.870010,-0.003465,-0.466506,34.850068,1.324231
2.698,0.002167,-2.939165,-0.004287,-0.000104,0.873417,-0.003559,-0.471594,34.834739,1.377984
2.708,0.002166,-2.930397,-0.004324,-0.000098,0.876808,-0.003656,-0.476623,34.816857,1.431849
2.718,0.002165,-2.921595,-0.004362,-0.000091,0.880184,-0.003754,-0.481592,34.796394,1.485820
2.728,0.002164,-2.912759,-0.004400,-0.000085,0.883543,-0.003854,-0.486500,34.773324,1.539890
2.738,0.002163,-2.903890,-0.004440,-0.000078,0.886887,-0.003956,-0.491343,34.747621,1.594052
2.748,0.002162,-2.894988,-0.004480,-0.000071,0.890214,-0.004060,-0.496121,34.719259,1.648301
2.758,0.002162,-2.886053,-0.004522,-0.000064,0.893526,-0.004166,-0.500830,34.688213,1.702628
2.768,0.002161,-2.877085,-0.004565,-0.000056,0.896820,-0.004275,-0.505469,34.654457,1.757028
2.778,0.002161,-2.868084,-0.004608,-0.000048,0.900099,-0.004385,-0.510036,34.617968,1.811493
2.788,0.002160,-2.859050,-0.004653,-0.000040,0.903361,-0.004498,-0.514528,34.578720,1.866016
2.798,0.002160,-2.849984,-0.004700,-0.000032,0.906607,-0.004613,-0.518944,34.536690,1.920591
2.808,0.002160,-2.840886,-0.004747,-0.000023,0.909835,-0.004730,-0.523282,34.491854,1.975210
2.818,0.002159,-2.831755,-0.004795,-0.000014,0.913048,-0.004849,-0.527539,34.444189,2.029865
2.828,0.002159,-2.822593,-0.004845,-0.000004,0.916244,-0.004971,-0.531714,34.393673,2.084550
2.838,0.002160,-2.813399,-0.004896,0.000006,0.919423,-0.005096,-0.535804,34.340282,2.139257
2.848,0.002160,-2.804173,-0.004948,0.000016,0.922585,-0.005223,-0.539808,34.283996,2.193978
2.858,0.002160,-2.794916,-0.005002,0.000027,0.925730,-0.005352,-0.543724,34.224792,2.248706
2.869,0.002160,-2.785627,-0.005057,0.000038,0.928859,-0.005484,-0.547549,34.162649,2.303434
2.878,0.002161,-2.776307,-0.005113,0.000050,0.931970,-0.005619,-0.551282,34.097548,2.358152
2.888,0.002161,-2.766957,-0.005170,0.000062,0.935065,-0.005757,-0.554921,34.029467,2.412854
2.898,0.002162,-2.757575,-0.005229,0.000074,0.938142,-0.005897,-0.558463,33.958387,2.467531
2.908,0.002163,-2.748163,-0.005290,0.000087,0.941203,-0.006040,-0.561907,33.884290,2.522176
2.918,0.002164,-2.738721,-0.005352,0.000100,0.944247,-0.006187,-0.565251,33.807156,2.576781
2.928,0.002165,-2.729248,-0.005415,0.000114,0.947273,-0.006336,-0.568494,33.726968,2.631337
2.938,0.002166,-2.719745,-0.005480,0.000129,0.950283,-0.006489,-0.571632,33.643708,2.685835
2.948,0.002168,-2.710212,-0.005546,0.000143,0.953275,-0.006644,-0.574665,33.557358,2.740269
2.958,0.002169,-2.700652,-0.005607,0.000136,0.956014,-0.006030,-0.580406,33.375327,2.848907
2.968,0.002171,-2.691065,-0.005661,0.000129,0.958730,-0.005415,-0.583112,33.279613,2.903095
2.978,0.002172,-2.681448,-0.005717,0.000145,0.961670,-0.005583,-0.583112,33.279613,2.903095
2.988,0.002173,-2.671805,-0.005766,0.000139,0.964341,-0.004970,-0.588182,33.078716,3.011165
2.998,0.002175,-2.662135,-0.005810,0.000132,0.966990,-0.004358,-0.590544,32.973505,3.065030
3.008,0.002176,-2.652439,-0.005847,0.000126,0.969615,-0.003749,-0.592788,32.865101,3.118770
3.019,0.002177,-2.642717,-0.005879,0.000120,0.972218,-0.003141,-0.594912,32.753493,3.172376
3.028,0.002178,-2.632969,-0.005904,0.000113,0.974798,-0.002536,-0.596916,32.638667,3.225840
3.038,0.002179,-2.623195,-0.005924,0.000107,0.977355,-0.001935,-0.598797,32.520614,3.279153
3.048,0.002180,-2.613396,-0.005937,0.000101,0.979888,-0.001337,-0.600554,32.399322,3.332306
3.058,0.002181,-2.603572,-0.005944,0.000096,0.982399,-0.000744,-0.602185,32.274781,3.385289
3.068,0.002182,-2.593723,-0.005946,0.000090,0.984886,-0.000155,-0.603689,32.146983,3.438095
3.078,0.002183,-2.583850,-0.005942,0.000084,0.987350,0.000430,-0.605064,32.015918,3.490713
3.088,0.002184,-2.573952,-0.005931,0.000079,0.989791,0.001009,-0.606310,31.881580,3.543135
3.098,0.002185,-2.564030,-0.005916,0.000074,0.992208,0.001582,-0.607424,31.743960,3.595353
3.108,0.002185,-2.554084,-0.005894,0.000069,0.994602,0.002150,-0.608406,31.603051,3.647356
3.118,0.002186,-2.544114,-0.005867,0.000064,0.996972,0.002711,-0.609253,31.458850,3.699135
3.128,0.002187,-2.534121,-0.005834,0.000059,0.999319,0.003266,-0.609966,31.311349,3.750683
3.138,0.002187,-2.524105,-0.005796,0.000054,1.001642,0.003813,-0.610542,31.160544,3.801988
3.148,0.002188,-2.514065,-0.005753,0.000050,1.003942,0.004354,-0.610981,31.006433,3.853043
3.158,0.002188,-2.504003,-0.005704,0.000046,1.006217,0.004886,-0.611281,30.849011,3.903837
3.168,0.002188,-2.493918,-0.005650,0.000042,1.008469,0.005411,-0.611442,30.688277,3.954363
3.178,0.002189,-2.483811,-0.005590,0.000038,1.010697,0.005928,-0.611462,30.524229,4.004609
3.188,0.002189,-2.473682,-0.005526,0.000034,1.012901,0.006437,-0.611340,30.356865,4.054569
3.198,0.002190,-2.463531,-0.005457,0.000031,1.015081,0.006936,-0.611076,30.186187,4.104231
3.208,0.002190,-2.453359,-0.005382,0.000028,1.017237,0.007427,-0.610668,30.012195,4.153586
3.218,0.002190,-2.443165,-0.005303,0.000025,1.019369,0.007909,-0.610116,29.834889,4.202627
3.228,0.002190,-2.432951,-0.005220,0.000022,1.021476,0.008382,-0.609419,29.654273,4.251342
3.238,0.002190,-2.422715,-0.005131,0.000020,1.023560,0.008845,-0.608576,29.470349,4.299724
3.248,0.002191,-2.412459,-0.005038,0.000018,1.025619,0.009298,-0.607587,29.283120,4.347762
3.258,0.002191,-2.402182,-0.004941,0.000016,1.027654,0.009742,-0.606450,29.092592,4.395448
3.268,0.002191,-2.391886,-0.004839,0.000014,1.029664,0.010176,-0.605166,28.898770,4.442773
3.278,0.002191,-2.381569,-0.004733,0.000012,1.031651,0.010599,-0.603734,28.701659,4.489727
3.288,0.002191,-2.371233,-0.004623,0.000011,1.033612,0.011012,-0.602153,28.501266,4.536300
3.298,0.002191,-2.360878,-0.004509,0.000010,1.035550,0.011415,-0.600423,28.297600,4.582485
3.308,0.002191,-2.350503,-0.004391,0.000010,1.037462,0.011808,-0.598544,28.090667,4.628272
3.319,0.002191,-2.340109,-0.004269,0.000009,1.039350,0.012190,-0.596515,27.880478,4.673651
3.328,0.002192,-2.329697,-0.004143,0.000009,1.041214,0.012561,-0.594336,27.667043,4.718614
3.338,0.002192,-2.319267,-0.004014,0.000009,1.043052,0.012922,-0.592007,27.450371,4.763151
3.348,0.002192,-2.308818,-0.003881,0.000010,1.044866,0.013272,-0.589528,27.230475,4.807255
3.358,0.002192,-2.298352,-0.003745,0.000010,1.046655,0.013611,-0.586898,27.007367,4.850915
3.368,0.002192,-2.287867,-0.003606,0.000011,1.048420,0.013940,-0.584119,26.781060,4.894123
3.378,0.002192,-2.277366,-0.003463,0.000012,1.050159,0.014258,-0.581188,26.551568,4.936870
3.388,0.002192,-2.266847,-0.003317,0.000014,1.051874,0.014565,-0.578108,26.318906,4.979147
3.398,0.002192,-2.256311,-0.003169,0.000015,1.053563,0.014861,-0.574878,26.083088,5.020946
3.408,0.002193,-2.245759,-0.003017,0.000017,1.055228,0.015147,-0.571497,25.844133,5.062258
3.418,0.002193,-2.235190,-0.002863,0.000020,1.056868,0.015422,-0.567968,25.602055,5.103074
3.428,0.002193,-2.224606,-0.002706,0.000022,1.058482,0.015687,-0.564289,25.356874,5.143385
3.438,0.002193,-2.214005,-0.002547,0.000025,1.060072,0.015941,-0.560461,25.108609,5.183184
3.448,0.002193,-2.203389,-0.002385,0.000028,1.061636,0.016185,-0.556485,24.857278,5.222462
3.458,0.002194,-2.192757,-0.002221,0.000031,1.063175,0.016418,-0.552362,24.602901,5.261210
3.468,0.002194,-2.182110,-0.002054,0.000035,1.064689,0.016641,-0.548091,24.345501,5.299420
3.478,0.002195,-2.171448,-0.001886,0.000039,1.066177,0.016855,-0.543673,24.085098,5.337084
3.488,0.002195,-2.160772,-0.001715,0.000043,1.067641,0.017058,-0.539110,23.821715,5.374194
3.498,0.002195,-2.150081,-0.001543,0.000047,1.069078,0.017252,-0.534402,23.555376,5.410741
3.508,0.002196,-2.139376,-0.001368,0.000051,1.070491,0.017436,-0.529549,23.286105,5.446719
3.519,0.002197,-2.128657,-0.001192,0.000056,1.071878,0.017610,-0.524553,23.013927,5.482118
3.528,0.002197,-2.117925,-0.001015,0.000061,1.073240,0.017775,-0.519415,22.738867,5.516932
3.538,0.002198,-2.107179,-0.000835,0.000067,1.074576,0.017931,-0.514135,22.460952,5.551152
3.548,0.002199,-2.096420,-0.000654,0.000072,1.075887,0.018079,-0.508715,22.180210,5.584772
3.558,0.002199,-2.085648,-0.000472,0.000078,1.077172,0.018217,-0.503156,21.896667,5.617783
3.568,0.002200,-2.074864,-0.000289,0.000084,1.078431,0.018347,-0.497459,21.610353,5.650178
3.578,0.002201,-2.064068,-0.000104,0.000090,1.079665,0.018469,-0.491625,21.321297,5.681950
3.588,0.002202,-2.053259,0.000082,0.000096,1.080873,0.018583,-0.485656,21.029530,5.713092
3.598,0.002203,-2.042438,0.000269,0.000103,1.082056,0.018688,-0.479552,20.735083,5.743596
3.608,0.002204,-2.031606,0.000456,0.000110,1.083213,0.018787,-0.473316,20.437986,5.773456
3.618,0.002205,-2.020763,0.000645,0.000117,1.084344,0.018878,-0.466949,20.138272,5.802666
3.628,0.002207,-2.009908,0.000835,0.000124,1.085449,0.018962,-0.460452,19.835975,5.831217
3.638,0.002208,-1.999043,0.001025,0.000131,1.086529,0.019039,-0.453828,19.531128,5.859105
3.648,0.002209,-1.988167,0.001216,0.000139,1.087583,0.019109,-0.447076,19.223766,5.886321
3.658,0.002211,-1.977281,0.001408,0.000147,1.088611,0.019174,-0.440201,18.913923,5.912861
3.668,0.002212,-1.966385,0.001600,0.000155,1.089613,0.019232,-0.433202,18.601636,5.938718
3.678,0.002214,-1.955479,0.001793,0.000163,1.090589,0.019285,-0.426082,18.286941,5.963885
3.688,0.002216,-1.944564,0.001987,0.000171,1.091539,0.019332,-0.418843,17.969875,5.988357
3.698,0.002217,-1.933639,0.002180,0.000180,1.092463,0.019374,-0.411487,17.650476,6.012128
3.708,0.002219,-1.922705,0.002374,0.000188,1.093362,0.019411,-0.404016,17.328782,6.035193
3.718,0.002221,-1.911763,0.002569,0.000197,1.094234,0.019444,-0.396431,17.004833,6.057545
3.728,0.002223,-1.900812,0.002764,0.000206,1.095080,0.019473,-0.388735,16.678667,6.079181
3.738,0.002225,-1.889853,0.002959,0.000215,1.095901,0.019497,-0.380930,16.350326,6.100093
3.748,0.002228,-1.878886,0.003154,0.000224,1.096695,0.019518,-0.373019,16.019850,6.120278
3.758,0.002230,-1.867912,0.003349,0.000234,1.097463,0.019536,-0.365002,15.687280,6.139730
3.768,0.002232,-1.856930,0.003545,0.000243,1.098205,0.019551,-0.356884,15.352658,6.158445
3.778,0.002235,-1.845940,0.003740,0.000253,1.098921,0.019563,-0.348665,15.016028,6.176418
3.788,0.002238,-1.834944,0.003936,0.000262,1.099611,0.019573,-0.340349,14.677432,6.193644
3.798,0.002240,-1.823941,0.004132,0.000272,1.100274,0.019581,-0.331937,14.336914,6.210120
3.808,0.002243,-1.812932,0.004328,0.000282,1.100912,0.019588,-0.323433,13.994517,6.225840
3.818,0.002246,-1.801917,0.004524,0.000292,1.101523,0.019593,-0.314838,13.650287,6.240802
3.828,0.002249,-1.790896,0.004720,0.000303,1.102108,0.019597,-0.306156,13.304270,6.255002
3.838,0.002252,-1.779869,0.004916,0.000313,1.102667,0.019600,-0.297389,12.956509,6.268434
3.848,0.002255,-1.768837,0.005112,0.000323,1.103200,0.019603,-0.288539,12.607053,6.281098
3.858,0.002259,-1.757800,0.005308,0.000334,1.103706,0.019607,-0.279609,12.255946,6.292988
3.869,0.002262,-1.746758,0.005504,0.000345,1.104187,0.019610,-0.270602,11.903237,6.304101
3.878,0.002266,-1.735712,0.005700,0.000355,1.104641,0.019614,-0.261520,11.548973,6.314436
3.888,0.002269,-1.724661,0.005896,0.000366,1.105068,0.019620,-0.252367,11.193201,6.323988
3.898,0.002273,-1.713607,0.006092,0.000377,1.105470,0.019626,-0.243145,10.835970,6.332755
3.908,0.002277,-1.702548,0.006289,0.000388,1.105845,0.019635,-0.233857,10.477329,6.340736
3.918,0.002281,-1.691486,0.006485,0.000399,1.106194,0.019645,-0.224505,10.117327,6.347927
3.928,0.002285,-1.680421,0.006682,0.000410,1.106516,0.019658,-0.215093,9.756013,6.354326
3.938,0.002289,-1.669353,0.006878,0.000421,1.106812,0.019674,-0.205624,9.393436,6.359931
3.948,0.002294,-1.658282,0.007075,0.000433,1.107082,0.019693,-0.196100,9.029648,6.364741
3.958,0.002298,-1.647209,0.007273,0.000444,1.107326,0.019715,-0.186525,8.664698,6.368755
3.968,0.002303,-1.636133,0.007470,0.000455,1.107543,0.019741,-0.176901,8.298637,6.371970
3.978,0.002307,-1.625056,0.007668,0.000467,1.107734,0.019771,-0.167232,7.931516,6.374385
3.988,0.002312,-1.613977,0.007866,0.000478,1.107899,0.019806,-0.157520,7.563387,6.375999
3.998,0.002317,-1.602897,0.008064,0.000490,1.108037,0.019846,-0.147768,7.194300,6.376812
4.008,0.002322,-1.591815,0.008263,0.000502,1.108149,0.019891,-0.137980,6.824308,6.376823
4.018,0.002327,-1.580733,0.008463,0.000513,1.108234,0.019941,-0.128159,6.453463,6.376031
4.028,0.002332,-1.569650,0.008663,0.000525,1.108294,0.019997,-0.118307,6.081816,6.374436
4.038,0.002338,-1.558567,0.008863,0.000537,1.108326,0.020060,-0.108429,5.709420,6.372037
4.048,0.002343,-1.547483,0.009064,0.000549,1.108333,0.020129,-0.098526,5.336328,6.368835
4.058,0.002349,-1.536400,0.009266,0.000561,1.108313,0.020205,-0.088602,4.962592,6.364830
4.068,0.002355,-1.525318,0.009469,0.000573,1.108267,0.020288,-0.078660,4.588265,6.360022
4.078,0.002361,-1.514236,0.009673,0.000585,1.108195,0.020380,-0.068704,4.213400,6.354413
4.088,0.002366,-1.503155,0.009878,0.000597,1.108096,0.020479,-0.058736,3.838050,6.348001
4.098,0.002373,-1.492075,0.010084,0.000609,1.107971,0.020586,-0.048760,3.462268,6.340789
4.108,0.002379,-1.480997,0.010291,0.000622,1.107819,0.020703,-0.038779,3.086107,6.332778
4.118,0.002385,-1.469920,0.010499,0.000634,1.107642,0.020828,-0.028795,2.709621,6.323969
4.128,0.002392,-1.458846,0.010709,0.000646,1.107438,0.020963,-0.018813,2.332863,6.314362
4.138,0.002398,-1.447774,0.010920,0.000659,1.107207,0.021108,-0.008834,1.955886,6.303961
4.148,0.002405,-1.436704,0.011132,0.000671,1.106951,0.021264,0.001137,1.578744,6.292767
4.158,0.002412,-1.425638,0.011347,0.000684,1.106668,0.021430,0.011097,1.201489,6.280781
4.168,0.002419,-1.414574,0.011563,0.000696,1.106359,0.021607,0.021044,0.824176,6.268006
4.178,0.002426,-1.403514,0.011781,0.000709,1.106023,0.021795,0.030975,0.446857,6.254444
4.188,0.002433,-1.392457,0.012001,0.000722,1.105661,0.021995,0.040885,0.069586,6.240098
4.198,0.002440,-1.381405,0.012223,0.000735,1.105273,0.022208,0.050773,-0.307585,6.224971
4.208,0.002448,-1.370356,0.012447,0.000748,1.104859,0.022433,0.060635,-0.684602,6.209065
4.218,0.002455,-1.359312,0.012674,0.000761,1.104419,0.022671,0.070467,-1.061413,6.192383
4.228,0.002463,-1.348272,0.012903,0.000774,1.103952,0.022923,0.080268,-1.437964,6.174928
4.238,0.002471,-1.337238,0.013135,0.000787,1.103459,0.023188,0.090033,-1.814203,6.156705
4.248,0.002479,-1.326208,0.013370,0.000800,1.102940,0.023468,0.099761,-2.190078,6.137715
4.258,0.002487,-1.315184,0.013607,0.000813,1.102395,0.023763,0.109447,-2.565536,6.117964
4.268,0.002495,-1.304166,0.013848,0.000827,1.101824,0.024073,0.119089,-2.940525,6.097455
4.278,0.002504,-1.293154,0.014092,0.000840,1.101226,0.024398,0.128684,-3.314993,6.076192
4.288,0.002512,-1.282148,0.014339,0.000854,1.100602,0.024740,0.138229,-3.688889,6.054178
4.298,0.002521,-1.271148,0.014590,0.000868,1.099952,0.025098,0.147721,-4.062160,6.031420
4.308,0.002530,-1.260155,0.014845,0.000882,1.099276,0.025473,0.157158,-4.434757,6.007920
4.318,0.002539,-1.249170,0.015104,0.000896,1.098574,0.025866,0.166536,-4.806627,5.983684
4.328,0.002548,-1.238191,0.015366,0.000910,1.097846,0.026277,0.175852,-5.177721,5.958717
4.338,0.002557,-1.227220,0.015634,0.000924,1.097092,0.026706,0.185105,-5.547988,5.933023
4.348,0.002567,-1.216257,0.015905,0.000938,1.096311,0.027154,0.194290,-5.917377,5.906608
4.358,0.002576,-1.205302,0.016181,0.000953,1.095505,0.027622,0.203406,-6.285840,5.879476
4.368,0.002586,-1.194355,0.016462,0.000967,1.094672,0.028111,0.212450,-6.653326,5.851634
4.378,0.002596,-1.183417,0.016749,0.000982,1.093813,0.028619,0.221418,-7.019787,5.823087
4.388,0.002606,-1.172488,0.017040,0.000997,1.092929,0.029150,0.230309,-7.385175,5.793840
4.398,0.002616,-1.161568,0.017337,0.001012,1.092018,0.029702,0.239121,-7.749440,5.763900
4.408,0.002626,-1.150657,0.017640,0.001027,1.091082,0.030276,0.247849,-8.112535,5.733272
4.418,0.002636,-1.139756,0.017949,0.001043,1.090119,0.030873,0.256492,-8.474413,5.701963
4.428,0.002647,-1.128865,0.018264,0.001058,1.089130,0.031495,0.265048,-8.835026,5.669978
4.438,0.002658,-1.117983,0.018585,0.001074,1.088116,0.032140,0.273514,-9.194328,5.637325
4.448,0.002669,-1.107113,0.018913,0.001090,1.087075,0.032810,0.281888,-9.552272,5.604009
4.458,0.002680,-1.096253,0.019248,0.001106,1.086008,0.033507,0.290167,-9.908814,5.570038
4.468,0.002691,-1.085403,0.019590,0.001122,1.084916,0.034229,0.298349,-10.263908,5.535418
4.478,0.002702,-1.074565,0.019940,0.001139,1.083797,0.034979,0.306432,-10.617509,5.500156
4.488,0.002714,-1.063739,0.020298,0.001156,1.082653,0.035756,0.314414,-10.969573,5.464259
4.498,0.002726,-1.052924,0.020663,0.001173,1.081482,0.036562,0.322292,-11.320056,5.427734
4.508,0.002737,-1.042121,0.021037,0.001190,1.080286,0.037397,0.330065,-11.668916,5.390588
4.519,0.002750,-1.031331,0.021420,0.001208,1.079064,0.038262,0.337730,-12.016108,5.352830
4.528,0.002762,-1.020552,0.021812,0.001226,1.077816,0.039159,0.345286,-12.361592,5.314465
4.538,0.002774,-1.009787,0.022212,0.001244,1.076542,0.040087,0.352731,-12.705326,5.275503
4.548,0.002787,-0.999035,0.022623,0.001262,1.075241,0.041047,0.360063,-13.047269,5.235950
4.558,0.002800,-0.988295,0.023043,0.001281,1.073916,0.042042,0.367279,-13.387380,5.195814
4.568,0.002813,-0.977570,0.023474,0.001300,1.072564,0.043070,0.374379,-13.725620,5.155103
4.578,0.002826,-0.966858,0.023915,0.001320,1.071186,0.044134,0.381360,-14.061950,5.113826
4.588,0.002839,-0.956160,0.024368,0.001339,1.069782,0.045235,0.388221,-14.396330,5.071990
4.598,0.002853,-0.945477,0.024831,0.001360,1.068352,0.046373,0.394960,-14.728723,5.029603
4.608,0.002867,-0.934808,0.025307,0.001380,1.066897,0.047549,0.401576,-15.059091,4.986673
4.618,0.002881,-0.924154,0.025795,0.001401,1.065415,0.048764,0.408067,-15.387399,4.943210
4.628,0.002895,-0.913514,0.026295,0.001422,1.063908,0.050020,0.414432,-15.713609,4.899221
4.638,0.002909,-0.902891,0.026808,0.001444,1.062374,0.051318,0.420669,-16.037686,4.854715
4.648,0.002924,-0.892283,0.027335,0.001466,1.060815,0.052658,0.426778,-16.359596,4.809700
4.658,0.002939,-0.881690,0.027875,0.001489,1.059229,0.054042,0.432756,-16.679304,4.764185
4.668,0.002954,-0.871114,0.028430,0.001512,1.057618,0.055472,0.438603,-16.996777,4.718179
4.678,0.002969,-0.860554,0.028999,0.001536,1.055980,0.056948,0.444317,-17.311982,4.671690
4.688,0.002985,-0.850011,0.029584,0.001560,1.054317,0.058471,0.449898,-17.624887,4.624727
4.698,0.003001,-0.839485,0.030184,0.001584,1.052627,0.060043,0.455344,-17.935461,4.577300
4.708,0.003017,-0.828976,0.030801,0.001609,1.050911,0.061666,0.460655,-18.243673,4.529417
4.718,0.003033,-0.818484,0.031434,0.001635,1.049170,0.063341,0.465829,-18.549492,4.481087
4.728,0.003050,-0.808010,0.032085,0.001662,1.047402,0.065068,0.470866,-18.852891,4.432319
4.738,0.003067,-0.797554,0.032754,0.001689,1.045607,0.066850,0.475765,-19.153839,4.383123
4.748,0.003084,-0.787116,0.033440,0.001716,1.043787,0.068689,0.480525,-19.452310,4.333506
4.758,0.003101,-0.776697,0.034146,0.001745,1.041940,0.070585,0.485145,-19.748276,4.283480
4.768,0.003119,-0.766296,0.034872,0.001774,1.040068,0.072540,0.489625,-20.041711,4.233052
4.778,0.003137,-0.755914,0.035617,0.001803,1.038168,0.074557,0.493965,-20.332588,4.182232
4.788,0.003155,-0.745552,0.036384,0.001834,1.036243,0.076636,0.498163,-20.620884,4.131030
4.798,0.003174,-0.735209,0.037171,0.001865,1.034291,0.078779,0.502220,-20.906574,4.079454
4.808,0.003193,-0.724886,0.037981,0.001897,1.032313,0.080989,0.506134,-21.189633,4.027514
4.818,0.003212,-0.714583,0.038814,0.001930,1.030308,0.083266,0.509907,-21.470041,3.975220
4.828,0.003232,-0.704300,0.039670,0.001964,1.028276,0.085614,0.513536,-21.747774,3.922581
4.838,0.003252,-0.694038,0.040550,0.001998,1.026218,0.088033,0.517023,-22.022812,3.869605
4.848,0.003272,-0.683796,0.041456,0.002034,1.024133,0.090526,0.520367,-22.295133,3.816304
4.858,0.003293,-0.673576,0.042387,0.002070,1.022022,0.093095,0.523568,-22.564719,3.762685
4.868,0.003314,-0.663377,0.043344,0.002108,1.019884,0.095743,0.526625,-22.831550,3.708759
4.878,0.003336,-0.653200,0.044329,0.002146,1.017719,0.098470,0.529540,-23.095608,3.654535
4.888,0.003357,-0.643045,0.045342,0.002186,1.015527,0.101280,0.532311,-23.356875,3.600022
4.898,0.003380,-0.632912,0.046383,0.002227,1.013308,0.104174,0.534940,-23.615334,3.545230
4.908,0.003402,-0.622801,0.047455,0.002269,1.011062,0.107156,0.537426,-23.870971,3.490169
4.918,0.003425,-0.612713,0.048557,0.002312,1.008788,0.110227,0.539769,-24.123768,3.434847
4.928,0.003449,-0.602649,0.049691,0.002356,1.006488,0.113390,0.541971,-24.373713,3.379274
4.938,0.003473,-0.592607,0.050858,0.002401,1.004160,0.116647,0.544030,-24.620790,3.323460
4.948,0.003498,-0.582589,0.052058,0.002448,1.001805,0.120002,0.545948,-24.864988,3.267414
4.958,0.003523,-0.572595,0.053292,0.002496,0.999422,0.123456,0.547725,-25.106293,3.211146
4.968,0.003548,-0.562625,0.054562,0.002545,0.997012,0.127013,0.549361,-25.344695,3.154664
4.978,0.003574,-0.552679,0.055869,0.002596,0.994573,0.130676,0.550857,-25.580182,3.097979
4.988,0.003600,-0.542758,0.057213,0.002649,0.992107,0.134446,0.552214,-25.812744,3.041099
4.998,0.003627,-0.532862,0.058597,0.002703,0.989613,0.138328,0.553432,-26.042372,2.984034
5.008,0.003655,-0.522991,0.060020,0.002758,0.987091,0.142324,0.554512,-26.269058,2.926792
5.018,0.003683,-0.513145,0.061484,0.002815,0.984541,0.146438,0.555454,-26.492794,2.869385
5.028,0.003712,-0.503326,0.062991,0.002874,0.981963,0.150672,0.556260,-26.713572,2.811819
5.038,0.003741,-0.493532,0.064541,0.002934,0.979356,0.155031,0.556931,-26.931386,2.754106
5.048,0.003771,-0.483765,0.066137,0.002996,0.976720,0.159516,0.557466,-27.146230,2.696253
5.058,0.003802,-0.474024,0.067778,0.003060,0.974056,0.164132,0.557867,-27.358100,2.638271
5.069,0.003833,-0.464311,0.069467,0.003126,0.971362,0.168883,0.558136,-27.566991,2.580167
5.078,0.003865,-0.454624,0.071204,0.003194,0.968640,0.173772,0.558272,-27.772899,2.521951
5.088,0.003898,-0.444965,0.072992,0.003263,0.965889,0.178802,0.558278,-27.975822,2.463633
5.098,0.003931,-0.435334,0.074832,0.003335,0.963108,0.183978,0.558153,-28.175758,2.405220
5.108,0.003965,-0.425731,0.076725,0.003409,0.960297,0.189304,0.557900,-28.372705,2.346722
5.118,0.004000,-0.416157,0.078673,0.003484,0.957457,0.194783,0.557519,-28.566661,2.288147
5.128,0.004036,-0.406611,0.080677,0.003562,0.954587,0.200419,0.557012,-28.757628,2.229505
5.139,0.004072,-0.397094,0.082739,0.003643,0.951687,0.206218,0.556379,-28.945606,2.170803
5.148,0.004109,-0.387606,0.084861,0.003725,0.948757,0.212182,0.555623,-29.130595,2.112051
5.158,0.004147,-0.378149,0.087044,0.003810,0.945796,0.218317,0.554744,-29.312598,2.053257
5.169,0.004186,-0.368720,0.089291,0.003897,0.942804,0.224628,0.553744,-29.491617,1.994430
5.178,0.004226,-0.359323,0.091602,0.003987,0.939782,0.231117,0.552624,-29.667656,1.935578
5.189,0.004267,-0.349955,0.093980,0.004079,0.936728,0.237792,0.551385,-29.840717,1.876709
5.198,0.004309,-0.340619,0.096426,0.004174,0.933644,0.244656,0.550030,-30.010807,1.817832
5.209,0.004351,-0.331314,0.098944,0.004271,0.930527,0.251714,0.548558,-30.177929,1.758955
5.219,0.004395,-0.322040,0.101533,0.004371,0.927379,0.258971,0.546973,-30.342089,1.700086
5.229,0.004440,-0.312798,0.104198,0.004474,0.924198,0.266433,0.545275,-30.503295,1.641233
5.238,0.004486,-0.303588,0.106939,0.004579,0.920985,0.274105,0.543466,-30.661551,1.582404
5.248,0.004532,-0.294411,0.109759,0.004687,0.917740,0.281992,0.541548,-30.816867,1.523607
5.258,0.004580,-0.285266,0.112660,0.004798,0.914461,0.290100,0.539522,-30.969250,1.464850
5.268,0.004580,-0.285266,0.112660,0.004798,0.914461,0.290100,0.539522,-30.969250,1.464850
5.278,0.004630,-0.276155,0.115644,0.004912,0.911150,0.298435,0.537389,-31.118709,1.406140
5.288,0.004680,-0.267076,0.118714,0.005029,0.907804,0.307002,0.535152,-31.265253,1.347486
5.298,0.004731,-0.258032,0.121872,0.005149,0.904425,0.315807,0.532812,-31.408891,1.288894
5.308,0.004784,-0.249022,0.125121,0.005272,0.901012,0.324856,0.530371,-31.549635,1.230373
5.318,0.004838,-0.240046,0.128462,0.005398,0.897564,0.334156,0.527830,-31.687494,1.171929
5.328,0.004893,-0.231106,0.131899,0.005528,0.894082,0.343713,0.525192,-31.822481,1.113571
5.338,0.004950,-0.222200,0.135435,0.005660,0.890564,0.353533,0.522457,-31.954608,1.055304
5.348,0.005008,-0.213330,0.139071,0.005796,0.887011,0.363623,0.519628,-32.083886,0.997137
5.358,0.005067,-0.204496,0.142811,0.005934,0.883422,0.373989,0.516707,-32.210329,0.939077
5.368,0.005128,-0.195698,0.146657,0.006077,0.879796,0.384638,0.513695,-32.333950,0.881130
5.378,0.005190,-0.186936,0.150613,0.006222,0.876134,0.395577,0.510594,-32.454764,0.823303
5.388,0.005254,-0.178212,0.154681,0.006370,0.872434,0.406814,0.507406,-32.572784,0.765603
5.398,0.005319,-0.169525,0.158865,0.006522,0.868697,0.418355,0.504132,-32.688026,0.708037
5.408,0.005386,-0.160876,0.163167,0.006677,0.864922,0.430208,0.500775,-32.800504,0.650612
5.418,0.005454,-0.152265,0.167590,0.006836,0.861108,0.442380,0.497337,-32.910236,0.593333
5.428,0.005524,-0.143692,0.172139,0.006998,0.857255,0.454879,0.493819,-33.017236,0.536207
5.438,0.005596,-0.135159,0.176816,0.007163,0.853363,0.467713,0.490222,-33.121522,0.479241
5.448,0.005669,-0.126664,0.181625,0.007331,0.849431,0.480889,0.486550,-33.223111,0.422440
5.458,0.005744,-0.118210,0.186569,0.007503,0.845458,0.494415,0.482804,-33.322021,0.365811
5.469,0.005821,-0.109795,0.191652,0.007677,0.841444,0.508300,0.478986,-33.418269,0.309360
5.478,0.005900,-0.101421,0.196878,0.007855,0.837388,0.522551,0.475097,-33.511873,0.253092
5.488,0.005980,-0.093088,0.202250,0.008036,0.833291,0.537178,0.471140,-33.602853,0.197014
5.498,0.006062,-0.084797,0.207771,0.008220,0.829150,0.552187,0.467116,-33.691227,0.141130
5.508,0.006146,-0.076547,0.213447,0.008407,0.824966,0.567589,0.463028,-33.777015,0.085448
5.518,0.006232,-0.068340,0.219281,0.008596,0.820738,0.583392,0.458877,-33.860237,0.029971
5.528,0.006320,-0.060175,0.225277,0.008789,0.816465,0.599603,0.454665,-33.940913,-0.025294
5.538,0.006410,-0.052054,0.231440,0.008984,0.812146,0.616233,0.450394,-34.019064,-0.080342
5.548,0.006502,-0.043976,0.237773,0.009181,0.807781,0.633290,0.446066,-34.094709,-0.135169
5.558,0.006596,-0.035942,0.244280,0.009381,0.803370,0.650783,0.441683,-34.167871,-0.189768
5.568,0.006691,-0.027953,0.250968,0.009583,0.798911,0.668722,0.437247,-34.238571,-0.244135
5.578,0.006789,-0.020009,0.257839,0.009787,0.794403,0.687114,0.432759,-34.306830,-0.298266
5.588,0.006889,-0.012111,0.264898,0.009993,0.789847,0.705971,0.428221,-34.372671,-0.352155
5.598,0.006991,-0.004258,0.272151,0.010200,0.785240,0.725299,0.423636,-34.436116,-0.405797
5.608,0.007095,0.003548,0.279603,0.010408,0.780583,0.745110,0.419006,-34.497187,-0.459189
5.618,0.007201,0.011306,0.287257,0.010618,0.775874,0.765412,0.414331,-34.555908,-0.512326
5.628,0.007310,0.019017,0.295119,0.010828,0.771112,0.786215,0.409614,-34.612301,-0.565203
5.638,0.007420,0.026680,0.303194,0.011039,0.766297,0.807528,0.404857,-34.666389,-0.617816
5.648,0.007533,0.034295,0.311488,0.011250,0.761428,0.829359,0.400062,-34.718197,-0.670162
5.658,0.007647,0.041860,0.320005,0.011460,0.756504,0.851719,0.395230,-34.767747,-0.722235
5.668,0.007764,0.049375,0.328751,0.011670,0.751523,0.874616,0.390364,-34.815065,-0.774032
5.678,0.007883,0.056840,0.337732,0.011878,0.746486,0.898060,0.385464,-34.860173,-0.825550
5.688,0.008003,0.064254,0.346952,0.012085,0.741391,0.922059,0.380533,-34.903097,-0.876783
5.698,0.008126,0.071616,0.356418,0.012290,0.736236,0.946622,0.375573,-34.943860,-0.927730
5.708,0.008251,0.078926,0.366136,0.012492,0.731022,0.971757,0.370586,-34.982488,-0.978386
5.718,0.008378,0.086184,0.376111,0.012691,0.725747,0.997474,0.365572,-35.019006,-1.028748
5.728,0.008507,0.093388,0.386349,0.012886,0.720410,1.023781,0.360535,-35.053438,-1.078813
5.738,0.008638,0.100538,0.396855,0.013077,0.715010,1.050685,0.355475,-35.085809,-1.128577
5.748,0.008770,0.107633,0.407637,0.013262,0.709547,1.078193,0.350394,-35.116146,-1.178037
5.758,0.008905,0.114674,0.418701,0.013442,0.704019,1.106315,0.345294,-35.144472,-1.227190
5.768,0.009041,0.121658,0.430051,0.013615,0.698425,1.135056,0.340177,-35.170815,-1.276033
5.778,0.009179,0.128585,0.441695,0.013780,0.692764,1.164422,0.335045,-35.195198,-1.324564
5.788,0.009318,0.135456,0.453640,0.013937,0.687037,1.194421,0.329898,-35.217649,-1.372779
5.798,0.009459,0.142268,0.465890,0.014085,0.681241,1.225058,0.324739,-35.238193,-1.420676
5.808,0.009601,0.149022,0.478453,0.014222,0.675376,1.256337,0.319569,-35.256855,-1.468253
5.819,0.009745,0.155716,0.491336,0.014348,0.669441,1.288263,0.314390,-35.273662,-1.515506
5.828,0.009889,0.162351,0.504544,0.014461,0.663436,1.320841,0.309203,-35.288640,-1.562434
5.838,0.010035,0.168924,0.518085,0.014561,0.657360,1.354072,0.304011,-35.301815,-1.609035
5.848,0.010181,0.175436,0.531965,0.014646,0.651212,1.387960,0.298813,-35.313213,-1.655305
5.858,0.010329,0.181886,0.546190,0.014716,0.644993,1.422505,0.293613,-35.322860,-1.701244
5.868,0.010476,0.188273,0.560767,0.014768,0.638701,1.457708,0.288411,-35.330782,-1.746848
5.878,0.010624,0.194597,0.575703,0.014801,0.632337,1.493568,0.283209,-35.337005,-1.792117
5.888,0.010772,0.200856,0.591003,0.014814,0.625901,1.530084,0.278009,-35.341557,-1.837048
5.898,0.010920,0.207050,0.606676,0.014805,0.619393,1.567252,0.272811,-35.344462,-1.881639
5.908,0.011068,0.213178,0.622727,0.014774,0.612813,1.605068,0.267618,-35.345748,-1.925890
5.918,0.011215,0.219239,0.639162,0.014718,0.606162,1.643527,0.262430,-35.345440,-1.969797
5.928,0.011362,0.225234,0.655988,0.014635,0.599440,1.682622,0.257249,-35.343565,-2.013361
5.938,0.011507,0.231160,0.673212,0.014525,0.592649,1.722343,0.252077,-35.340148,-2.056579
5.949,0.011651,0.237018,0.690838,0.014385,0.585789,1.762681,0.246914,-35.335217,-2.099450
5.958,0.011793,0.242807,0.708875,0.014213,0.578864,1.803622,0.241762,-35.328796,-2.141973
5.968,0.011933,0.248526,0.727326,0.014009,0.571873,1.845154,0.236623,-35.320913,-2.184146
5.978,0.012071,0.254174,0.746199,0.013769,0.564820,1.887260,0.231497,-35.311593,-2.225970
5.988,0.012206,0.259751,0.765498,0.013492,0.557708,1.929920,0.226385,-35.300862,-2.267442
5.998,0.012337,0.265256,0.785229,0.013176,0.550539,1.973116,0.221290,-35.288746,-2.308561
6.008,0.012464,0.270716,0.805229,0.012639,0.546007,2.000000,0.216212,-35.275271,-3.725109
6.018,0.012582,0.276175,0.825229,0.011782,0.545841,2.000000,0.211152,-35.260462,-5.996959
6.028,0.012691,0.281632,0.845229,0.010908,0.545766,2.000000,0.206111,-35.244346,-6.063860
6.038,0.012791,0.287090,0.865229,0.010016,0.545780,2.000000,0.201091,-35.226948,-6.127326
6.048,0.012882,0.292549,0.885229,0.009106,0.545877,2.000000,0.196093,-35.208293,-6.187325
6.058,0.012964,0.298010,0.905229,0.008179,0.546053,2.000000,0.191117,-35.188406,-6.243831
6.068,0.013036,0.303473,0.925229,0.007235,0.546305,2.000000,0.186165,-35.167314,-6.296817
6.078,0.013099,0.308939,0.945229,0.006275,0.546627,2.000000,0.181238,-35.145041,-6.346258
6.088,0.013152,0.314409,0.965229,0.005298,0.547015,2.000000,0.176337,-35.121612,-6.392130
6.098,0.013195,0.319884,0.985229,0.004306,0.547464,2.000000,0.171463,-35.097052,-6.434412
6.108,0.013228,0.325363,1.005229,0.003298,0.547969,2.000000,0.166616,-35.071385,-6.473085
6.118,0.013251,0.330849,1.025229,0.002275,0.548526,2.000000,0.161798,-35.044637,-6.508130
6.128,0.013263,0.336340,1.045229,0.001238,0.549130,2.000000,0.157010,-35.016833,-6.539532
6.138,0.013265,0.341838,1.065229,0.000187,0.549775,2.000000,0.152252,-34.987995,-6.567277
6.148,0.013256,0.347342,1.085229,-0.000879,0.550457,2.000000,0.147526,-34.958149,-6.591352
6.158,0.013236,0.352854,1.105229,-0.001957,0.551171,2.000000,0.142832,-34.927319,-6.611747
6.168,0.013206,0.358373,1.125229,-0.003048,0.551911,2.000000,0.138171,-34.895528,-6.628454
6.178,0.013164,0.363900,1.145229,-0.004151,0.552672,2.000000,0.133544,-34.862800,-6.641467
6.188,0.013112,0.369434,1.165229,-0.005266,0.553449,2.000000,0.128951,-34.829159,-6.650781
6.198,0.013048,0.374977,1.185229,-0.006392,0.554236,2.000000,0.124394,-34.794629,-6.656394
6.208,0.012973,0.380527,1.205229,-0.007528,0.555028,2.000000,0.119873,-34.759231,-6.658306
6.218,0.012886,0.386085,1.225229,-0.008674,0.555821,2.000000,0.115389,-34.722990,-6.656520
6.228,0.012788,0.391651,1.245229,-0.009829,0.556607,2.000000,0.110942,-34.685928,-6.651040
6.238,0.012678,0.397225,1.265229,-0.010993,0.557383,2.000000,0.106533,-34.648068,-6.641872
6.248,0.012556,0.402806,1.285229,-0.012165,0.558141,2.000000,0.102164,-34.609433,-6.629026
6.258,0.012423,0.408395,1.305229,-0.013343,0.558877,2.000000,0.097834,-34.570044,-6.612513
6.268,0.012277,0.413991,1.325229,-0.014528,0.559585,2.000000,0.093543,-34.529923,-6.592346
6.278,0.012120,0.419594,1.345229,-0.015719,0.560260,2.000000,0.089294,-34.489094,-6.568541
6.288,0.011951,0.425203,1.365229,-0.016914,0.560895,2.000000,0.085086,-34.447576,-6.541118
6.298,0.011770,0.430817,1.385229,-0.018113,0.561485,2.000000,0.080919,-34.405392,-6.510096
6.308,0.011577,0.436438,1.405229,-0.019314,0.562024,2.000000,0.076795,-34.362563,-6.475499
6.318,0.011372,0.442063,1.425229,-0.020518,0.562507,2.000000,0.072714,-34.319110,-6.437352
6.328,0.011154,0.447692,1.445229,-0.021723,0.562928,2.000000,0.068676,-34.275054,-6.395685
6.338,0.010925,0.453325,1.465229,-0.022928,0.563281,2.000000,0.064682,-34.230415,-6.350528
6.348,0.010684,0.458960,1.485229,-0.024131,0.563561,2.000000,0.060732,-34.185213,-6.301914
6.358,0.010430,0.464598,1.505229,-0.025333,0.563761,2.000000,0.056827,-34.139470,-6.249879
6.368,0.010165,0.470237,1.525229,-0.026532,0.563876,2.000000,0.052966,-34.093204,-6.194462
6.378,0.009888,0.475876,1.545229,-0.027726,0.563901,2.000000,0.049152,-34.046435,-6.135703
6.388,0.009599,0.481514,1.565229,-0.028915,0.563829,2.000000,0.045383,-33.999184,-6.073646
6.398,0.009298,0.487151,1.585229,-0.030098,0.563656,2.000000,0.041660,-33.951468,-6.008336
6.408,0.008985,0.492784,1.605229,-0.031272,0.563374,2.000000,0.037983,-33.903307,-5.939823
6.418,0.008661,0.498414,1.625229,-0.032438,0.562980,2.000000,0.034354,-33.854720,-5.868158
6.428,0.008325,0.504039,1.645229,-0.033593,0.562467,2.000000,0.030771,-33.805726,-5.793393
6.438,0.007977,0.509657,1.665229,-0.034737,0.561830,2.000000,0.027236,-33.756341,-5.715585
6.448,0.007619,0.515268,1.685229,-0.035868,0.561063,2.000000,0.023749,-33.706586,-5.634792
6.458,0.007249,0.520869,1.705229,-0.036984,0.560160,2.000000,0.020310,-33.656476,-5.551075
6.468,0.006868,0.526461,1.725229,-0.038085,0.559118,2.000000,0.016918,-33.606030,-5.464497
6.478,0.006476,0.532040,1.745229,-0.039168,0.557930,2.000000,0.013575,-33.555266,-5.375123
6.488,0.006074,0.537606,1.765229,-0.040233,0.556591,2.000000,0.010281,-33.504199,-5.283021
6.498,0.005661,0.543157,1.785229,-0.041279,0.555096,2.000000,0.007035,-33.452847,-5.188259
6.508,0.005238,0.548691,1.805229,-0.042302,0.553440,2.000000,0.003839,-33.401227,-5.090911
6.518,0.004805,0.554207,1.825229,-0.043303,0.551618,2.000000,0.000691,-33.349354,-4.991050
6.529,0.004362,0.559704,1.845229,-0.044279,0.549625,2.000000,-0.002407,-33.297244,-4.888752
6.538,0.003910,0.565178,1.865229,-0.045230,0.547456,2.000000,-0.005456,-33.244914,-4.784094
6.548,0.003448,0.570629,1.885229,-0.046153,0.545108,2.000000,-0.008456,-33.192379,-4.677156
6.558,0.002978,0.576055,1.905229,-0.047047,0.542574,2.000000,-0.011406,-33.139654,-4.568019
6.568,0.002499,0.581453,1.925229,-0.047911,0.539851,2.000000,-0.014306,-33.086754,-4.456766
6.578,0.002011,0.586823,1.945229,-0.048743,0.536934,2.000000,-0.017156,-33.033693,-4.343481
6.588,0.001516,0.592161,1.965229,-0.049542,0.533820,2.000000,-0.019957,-32.980487,-4.228249
6.598,0.001013,0.597467,1.985226,-0.050305,0.530551,1.999716,-0.022708,-32.927150,-4.133880
6.608,0.000503,0.602740,2.005203,-0.051026,0.527361,1.997698,-0.025409,-32.873695,-4.154132
6.619,-0.000014,0.607983,2.025143,-0.051703,0.524248,1.993934,-0.028061,-32.820135,-4.174079
6.628,-0.000538,0.613195,2.045027,-0.052334,0.521207,1.988415,-0.030662,-32.766486,-4.193722
6.638,-0.001067,0.618377,2.064838,-0.052916,0.518233,1.981135,-0.033213,-32.712759,-4.213064
6.648,-0.001601,0.623530,2.084559,-0.053447,0.515320,1.972090,-0.035715,-32.658968,-4.232107
6.658,-0.002141,0.628655,2.104172,-0.053925,0.512464,1.961279,-0.038167,-32.605125,-4.250851
6.668,-0.002684,0.633751,2.123659,-0.054348,0.509657,1.948704,-0.040569,-32.551243,-4.269299
6.678,-0.003231,0.638820,2.143003,-0.054716,0.506893,1.934371,-0.042921,-32.497333,-4.287453
6.688,-0.003781,0.643862,2.162185,-0.055026,0.504167,1.918285,-0.045223,-32.443408,-4.305315
6.698,-0.004334,0.648877,2.181190,-0.055277,0.501469,1.900457,-0.047476,-32.389480,-4.322885
6.708,-0.004889,0.653865,2.199999,-0.055468,0.498794,1.880898,-0.049679,-32.335559,-4.340166
6.718,-0.005445,0.658826,2.218595,-0.055599,0.496134,1.859624,-0.051833,-32.281657,-4.357161
6.728,-0.006002,0.663761,2.236962,-0.055670,0.493481,1.836652,-0.053938,-32.227784,-4.373869
6.738,-0.006558,0.668669,2.255082,-0.055679,0.490827,1.812001,-0.055993,-32.173952,-4.390294
6.748,-0.007115,0.673551,2.272939,-0.055626,0.488166,1.785693,-0.057999,-32.120170,-4.406438
6.758,-0.007670,0.678406,2.290516,-0.055513,0.485488,1.757751,-0.059956,-32.066449,-4.422301
6.769,-0.008223,0.683234,2.307798,-0.055338,0.482787,1.728202,-0.061864,-32.012798,-4.437886
6.778,-0.008774,0.688034,2.324769,-0.055103,0.480055,1.697073,-0.063723,-31.959227,-4.453195
6.788,-0.009322,0.692807,2.341413,-0.054808,0.477284,1.664394,-0.065534,-31.905745,-4.468229
6.798,-0.009867,0.697552,2.357715,-0.054454,0.474467,1.630196,-0.067296,-31.852361,-4.482990
6.808,-0.010407,0.702268,2.373660,-0.054043,0.471598,1.594511,-0.069011,-31.799085,-4.497481
6.818,-0.010943,0.706954,2.389234,-0.053574,0.468668,1.557374,-0.070677,-31.745924,-4.511702
6.828,-0.011473,0.711611,2.404422,-0.053051,0.465673,1.518820,-0.072295,-31.692887,-4.525656
6.838,-0.011998,0.716237,2.419211,-0.052473,0.462606,1.478886,-0.073865,-31.639982,-4.539345
6.848,-0.012517,0.720832,2.433587,-0.051843,0.459460,1.437610,-0.075388,-31.587217,-4.552770
6.858,-0.013028,0.725395,2.447536,-0.051170,0.456317,1.394929,-0.078291,-31.482135,-4.565933
6.868,-0.013533,0.729925,2.461047,-0.050440,0.452999,1.351085,-0.078291,-31.482135,-4.578837
6.878,-0.014029,0.734422,2.474105,-0.049669,0.449698,1.305767,-0.081008,-31.377700,-4.603871
6.888,-0.014518,0.738885,2.486697,-0.048854,0.446298,1.259270,-0.082296,-31.325742,-4.616005
6.898,-0.014998,0.743313,2.498814,-0.047995,0.442797,1.211636,-0.083538,-31.273964,-4.627886
6.908,-0.015469,0.747704,2.510445,-0.047089,0.439085,1.163145,-0.084734,-31.273964,-4.627886
6.919,-0.015930,0.752057,2.521579,-0.046148,0.435372,1.113362,-0.085884,-31.170978,-4.650899
6.928,-0.016382,0.756373,2.532204,-0.045169,0.431550,1.062569,-0.086989,-31.119780,-4.662033
6.938,-0.016824,0.760649,2.542312,-0.044154,0.427616,1.010807,-0.088048,-31.068786,-4.672922
6.948,-0.017255,0.764885,2.551894,-0.043105,0.423571,0.958121,-0.089063,-31.018002,-4.683567
6.958,-0.017675,0.769079,2.560939,-0.042024,0.419412,0.904553,-0.090033,-30.967431,-4.693970
6.968,-0.018084,0.773230,2.569441,-0.040912,0.415141,0.850146,-0.090958,-30.917079,-4.704133
6.978,-0.018482,0.777338,2.577390,-0.039771,0.410758,0.794943,-0.091839,-30.866950,-4.714057
6.988,-0.018868,0.781400,2.584780,-0.038603,0.406262,0.738987,-0.092676,-30.817049,-4.723745
6.998,-0.019240,0.785398,2.591625,-0.037275,0.399780,0.684472,-0.093470,-31.925610,-4.733199
7.008,-0.019317,0.785398,2.602420,-0.007633,0.000000,1.079493,-0.094220,-274.491608,-4.742419
7.019,-0.019379,0.785352,2.612636,-0.006260,-0.004648,1.021673,-0.094927,-30.668747,-4.751408
7.028,-0.019428,0.785259,2.622267,-0.004883,-0.009261,0.963060,-0.095592,-30.619792,-4.760167
7.038,-0.019463,0.785121,2.631304,-0.003502,-0.013835,0.903698,-0.096214,-30.571081,-4.768698
7.048,-0.019484,0.784937,2.639740,-0.002119,-0.018370,0.843628,-0.096793,-30.522619,-4.777004
7.058,-0.019492,0.784708,2.647569,-0.000735,-0.022860,0.782891,-0.097331,-30.474406,-4.785085
7.068,-0.019485,0.784435,2.654784,0.000649,-0.027302,0.721531,-0.097828,-30.426446,-4.792944
7.078,-0.019465,0.784118,2.661380,0.002031,-0.031692,0.659586,-0.098283,-30.378740,-4.800581
7.088,-0.019431,0.783758,2.667351,0.003411,-0.036027,0.597100,-0.098697,-30.331292,-4.808000
7.098,-0.019383,0.783355,2.672692,0.004788,-0.040301,0.534112,-0.099070,-30.284101,-4.815201
7.108,-0.019321,0.782910,2.677399,0.006161,-0.044509,0.470663,-0.099403,-30.237170,-4.822187
7.119,-0.019246,0.782424,2.681467,0.007529,-0.048647,0.406794,-0.099696,-30.190501,-4.828958
7.128,-0.019157,0.781897,2.684892,0.008892,-0.052709,0.342544,-0.099950,-30.144093,-4.835517
7.138,-0.019055,0.781330,2.687672,0.010248,-0.056690,0.277954,-0.100164,-30.097949,-4.841866
7.148,-0.018939,0.780724,2.689803,0.011598,-0.060584,0.213064,-0.100339,-30.052068,-4.848006
7.158,-0.018809,0.780080,2.691282,0.012941,-0.064386,0.147912,-0.100475,-30.006452,-4.853938
7.168,-0.018667,0.779399,2.692107,0.014275,-0.068090,0.082540,-0.100573,-29.961100,-4.859665
7.178,-0.018510,0.778682,2.692277,0.015602,-0.071691,0.016986,-0.100633,-29.916013,-4.865188
7.188,-0.018341,0.777930,2.691790,0.016920,-0.075183,-0.048710,-0.100655,-29.871190,-4.870509
7.198,-0.018159,0.777145,2.690645,0.018229,-0.078560,-0.114508,-0.100640,-29.826631,-4.875629
7.208,-0.017964,0.776327,2.688841,0.019528,-0.081816,-0.180369,-0.100588,-29.782335,-4.880551
7.218,-0.017756,0.775477,2.686379,0.020817,-0.084946,-0.246253,-0.100499,-29.738302,-4.885275
7.228,-0.017535,0.774598,2.683257,0.022095,-0.087944,-0.312119,-0.100374,-29.694532,-4.889804
7.238,-0.017301,0.773690,2.679478,0.023362,-0.090806,-0.377929,-0.100212,-29.651022,-4.894139
7.248,-0.017055,0.772754,2.675042,0.024617,-0.093526,-0.443643,-0.100015,-29.607771,-4.898282
7.258,-0.016796,0.771793,2.669950,0.025860,-0.096099,-0.509218,-0.099783,-29.564778,-4.902234
7.268,-0.016525,0.770808,2.664203,0.027089,-0.098521,-0.574617,-0.099516,-29.522042,-4.905997
7.278,-0.016242,0.769800,2.657805,0.028305,-0.100786,-0.639796,-0.099214,-29.479560,-4.909573
7.288,-0.015947,0.768771,2.650758,0.029506,-0.102892,-0.704717,-0.098878,-29.437330,-4.912963
7.298,-0.015640,0.767723,2.643065,0.030691,-0.104834,-0.769337,-0.098507,-29.395350,-4.916169
7.308,-0.015322,0.766657,2.634729,0.031859,-0.106608,-0.833614,-0.098104,-29.353619,-4.919193
7.319,-0.014992,0.765575,2.625754,0.033010,-0.108213,-0.897508,-0.097667,-29.312132,-4.922036
7.328,-0.014650,0.764478,2.616144,0.034141,-0.109644,-0.960976,-0.097197,-29.270888,-4.924699
7.338,-0.014298,0.763369,2.605904,0.035252,-0.110900,-1.023975,-0.096694,-29.229883,-4.927185
7.348,-0.013934,0.762250,2.595039,0.036342,-0.111980,-1.086464,-0.096160,-29.189115,-4.929496
7.358,-0.013560,0.761121,2.583555,0.037408,-0.112881,-1.148399,-0.095593,-29.148579,-4.931632
7.368,-0.013176,0.759985,2.571458,0.038450,-0.113603,-1.209737,-0.094995,-29.108274,-4.933595
7.378,-0.012781,0.758843,2.558754,0.039466,-0.114146,-1.270435,-0.094366,-29.068195,-4.935387
7.388,-0.012376,0.757698,2.545449,0.040453,-0.114511,-1.330450,-0.093706,-29.028337,-4.937010
7.398,-0.011962,0.756551,2.531552,0.041411,-0.114697,-1.389737,-0.093015,-28.988699,-4.938465
7.408,-0.011539,0.755404,2.517069,0.042337,-0.114707,-1.448253,-0.092295,-28.949275,-4.939754
7.418,-0.011107,0.754259,2.502010,0.043230,-0.114542,-1.505954,-0.091544,-28.910060,-4.940878
7.428,-0.010666,0.753117,2.486382,0.044086,-0.114205,-1.562796,-0.090765,-28.871052,-4.941840
7.438,-0.010217,0.751980,2.470194,0.044906,-0.113700,-1.618736,-0.089956,-28.832245,-4.942640
7.448,-0.009760,0.750849,2.453457,0.045685,-0.113029,-1.673730,-0.089118,-28.793634,-4.943280
7.458,-0.009296,0.749727,2.436180,0.046423,-0.112199,-1.727734,-0.088252,-28.755215,-4.943763
7.469,-0.008825,0.748615,2.418373,0.047117,-0.111213,-1.780706,-0.087358,-28.716982,-4.944089
7.478,-0.008347,0.747515,2.400047,0.047764,-0.110077,-1.832601,-0.086437,-28.678931,-4.944260
7.488,-0.007863,0.746427,2.381213,0.048364,-0.108797,-1.883380,-0.085488,-28.641057,-4.944278
7.498,-0.007374,0.745353,2.361883,0.048914,-0.107380,-1.932999,-0.084512,-28.603353,-4.944145
7.508,-0.006880,0.744294,2.342069,0.049412,-0.105833,-1.981418,-0.083509,-28.565814,-4.943862
7.518,-0.006383,0.743207,2.322069,0.049737,-0.108733,-2.000000,-0.082480,-28.528434,-2.605090
7.528,-0.005883,0.742064,2.302069,0.049940,-0.114329,-2.000000,-0.081425,-28.491209,-1.196272
7.538,-0.005382,0.740867,2.282069,0.050102,-0.119668,-2.000000,-0.080345,-28.454131,-1.308945
7.548,-0.004880,0.739620,2.262069,0.050223,-0.124753,-2.000000,-0.079239,-28.417194,-1.421470
7.558,-0.004377,0.738324,2.242069,0.050302,-0.129584,-2.000000,-0.078108,-28.380393,-1.533790
7.568,-0.003874,0.736982,2.222069,0.050340,-0.134160,-2.000000,-0.076953,-28.343721,-1.645846
7.578,-0.003370,0.735597,2.202069,0.050337,-0.138482,-2.000000,-0.075773,-28.307171,-1.757579
7.588,-0.002867,0.734172,2.182069,0.050294,-0.142552,-2.000000,-0.074569,-28.270737,-1.868929
7.598,-0.002365,0.732708,2.162069,0.050212,-0.146371,-2.000000,-0.073342,-28.234412,-1.979836
7.608,-0.001864,0.731209,2.142069,0.050089,-0.149938,-2.000000,-0.072091,-28.198189,-2.090240
7.618,-0.001365,0.729676,2.122069,0.049928,-0.153256,-2.000000,-0.070817,-28.162061,-2.200079
7.628,-0.000868,0.728113,2.102069,0.049728,-0.156326,-2.000000,-0.069520,-28.126022,-2.309294
7.638,-0.000373,0.726521,2.082069,0.049491,-0.159149,-2.000000,-0.068201,-28.090063,-2.417823
7.648,0.000119,0.724904,2.062069,0.049216,-0.161728,-2.000000,-0.066860,-28.054177,-2.525606
7.658,0.000608,0.723263,2.042069,0.048905,-0.164062,-2.000000,-0.065497,-28.018358,-2.632583
7.668,0.001094,0.721602,2.022069,0.048559,-0.166156,-2.000000,-0.064113,-27.982597,-2.738692
7.678,0.001576,0.719922,2.002069,0.048177,-0.168009,-2.000000,-0.062707,-27.946887,-2.843874
7.688,0.002053,0.718226,1.982069,0.047762,-0.169626,-2.000000,-0.061281,-27.911219,-2.948070
7.698,0.002527,0.716516,1.962069,0.047313,-0.171006,-2.000000,-0.059834,-27.875587,-3.051220
7.708,0.002995,0.714794,1.942069,0.046831,-0.172154,-2.000000,-0.058366,-27.839981,-3.153267
7.718,0.003458,0.713063,1.922069,0.046319,-0.173071,-2.000000,-0.056878,-27.804395,-3.254152
7.728,0.003916,0.711326,1.902069,0.045775,-0.173760,-2.000000,-0.055371,-27.768819,-3.353819
7.738,0.004368,0.709583,1.882069,0.045202,-0.174223,-2.000000,-0.053844,-27.733245,-3.452211
7.748,0.004814,0.707839,1.862069,0.044600,-0.174463,-2.000000,-0.052298,-27.697665,-3.549274
7.758,0.005254,0.706094,1.842069,0.043970,-0.174483,-2.000000,-0.050733,-27.662071,-3.644954
7.768,0.005687,0.704351,1.822069,0.043313,-0.174285,-2.000000,-0.049149,-27.626453,-3.739197
7.778,0.006113,0.702612,1.802069,0.042631,-0.173873,-2.000000,-0.047546,-27.590804,-3.831951
7.788,0.006532,0.700880,1.782069,0.041924,-0.173250,-2.000000,-0.045925,-27.555113,-3.923167
7.798,0.006944,0.699156,1.762069,0.041193,-0.172418,-2.000000,-0.044287,-27.519373,-4.012795
7.808,0.007349,0.697442,1.742069,0.040438,-0.171380,-2.000000,-0.042630,-27.483574,-4.100786
7.819,0.007745,0.695741,1.722069,0.039663,-0.170141,-2.000000,-0.040956,-27.447708,-4.187095
7.828,0.008134,0.694053,1.702069,0.038866,-0.168703,-2.000000,-0.039264,-27.411764,-4.271676
7.838,0.008514,0.692383,1.682069,0.038049,-0.167069,-2.000000,-0.037555,-27.375734,-4.354486
7.848,0.008886,0.690730,1.662069,0.037213,-0.165244,-2.000000,-0.035829,-27.339609,-4.435483
7.858,0.009250,0.689098,1.642069,0.036360,-0.163229,-2.000000,-0.034087,-27.303379,-4.514626
7.869,0.009605,0.687488,1.622069,0.035490,-0.161030,-2.000000,-0.032327,-27.267034,-4.591877
7.878,0.009951,0.685901,1.602069,0.034603,-0.158649,-2.000000,-0.030552,-27.230565,-4.667199
7.888,0.010288,0.684340,1.582069,0.033702,-0.156090,-2.000000,-0.028760,-27.193962,-4.740557
7.898,0.010616,0.682807,1.562069,0.032787,-0.153357,-2.000000,-0.026951,-27.157215,-4.811916
7.908,0.010934,0.681301,1.542075,0.031859,-0.150561,-1.999352,-0.025127,-27.120315,-4.829725
7.918,0.011244,0.679824,1.522097,0.030921,-0.147751,-1.997796,-0.023287,-27.083251,-4.824839
7.928,0.011543,0.678374,1.502144,0.029975,-0.144924,-1.995360,-0.021431,-27.046014,-4.819882
7.938,0.011834,0.676954,1.482223,0.029021,-0.142081,-1.992069,-0.019560,-27.008593,-4.814857
7.948,0.012114,0.675561,1.462344,0.028063,-0.139219,-1.987953,-0.017673,-26.970979,-4.809766
7.958,0.012385,0.674198,1.442513,0.027100,-0.136338,-1.983040,-0.015770,-26.933161,-4.804612
7.968,0.012647,0.672864,1.422740,0.026135,-0.133435,-1.977359,-0.013852,-26.895128,-4.799395
7.978,0.012898,0.671559,1.403030,0.025170,-0.130509,-1.970941,-0.011919,-26.856870,-4.794120
7.988,0.013140,0.670283,1.383392,0.024205,-0.127557,-1.963817,-0.009971,-26.818378,-4.788788
7.998,0.013373,0.669037,1.363832,0.023242,-0.124578,-1.956016,-0.008007,-26.779639,-4.783402
8.008,0.013596,0.667822,1.344356,0.022282,-0.121569,-1.947569,-0.006028,-26.740644,-4.777964
8.018,0.013809,0.666636,1.324971,0.021327,-0.118528,-1.938510,-0.004034,-26.701381,-4.772477
8.028,0.014013,0.665482,1.305682,0.020377,-0.115452,-1.928868,-0.002025,-26.661841,-4.766942
8.038,0.014207,0.664358,1.286496,0.019435,-0.112338,-1.918675,0.000000,-26.622012,-4.761363
8.048,0.014392,0.663266,1.267416,0.018500,-0.109238,-1.907951,0.000000,-26.622012,-4.761363
8.058,0.014568,0.662205,1.248449,0.017575,-0.106149,-1.896725,0.000000,-26.622012,-4.761363
8.068,0.014734,0.661174,1.229599,0.016660,-0.103069,-1.885029,0.000000,-26.622012,-4.761363
8.078,0.014892,0.660174,1.210870,0.015755,-0.099996,-1.872895,0.000000,-26.622012,-4.761363
8.088,0.015040,0.659205,1.192266,0.014862,-0.096927,-1.860352,0.000000,-26.622012,-4.761363
8.098,0.015180,0.658266,1.173792,0.013981,-0.093860,-1.847431,0.000000,-26.622012,-4.761363
8.108,0.015311,0.657358,1.155450,0.013113,-0.090793,-1.834161,0.000000,-26.622012,-4.761363
8.118,0.015434,0.656481,1.137244,0.012257,-0.087724,-1.820573,0.000000,-26.622012,-4.761363
8.128,0.015548,0.655634,1.119177,0.011415,-0.084650,-1.806694,0.000000,-26.622012,-4.761363
