t,dp1,dp2,dp3,dv1,dv2,dv3,tau1,tau2,tau3,da1,da2,da3
0.001,1.757751,0.341459,0.0,-0.0,1e-06,0.0,2e-06,-10.583317,0.0,0.0,0.0,0.0
0.01,1.757751,0.341459,0.0,-0.0,1e-06,0.0,2e-06,-10.583317,0.0,0.0,0.0,0.0
0.02,1.757751,0.341459,0.0,-0.0,1e-06,0.0,2e-06,-10.583317,0.0,0.0,0.0,0.0
0.03,1.757751,0.341459,0.0,-0.0,1e-06,0.0,2e-06,-10.583317,0.0,0.0,0.0,0.0
0.04,1.757751,0.341459,0.0,-0.0,1e-06,0.0,2e-06,-10.583317,0.0,0.0,0.0,0.0
0.05,1.757751,0.341459,0.0,-0.0,1e-06,0.0,0.0,-10.583331,0.0,0.0,0.0,0.0
0.06,1.757751,0.341459,0.0,-0.0,1e-06,0.0,0.0,-10.583331,0.0,0.0,0.0,0.0
0.07,1.757751,0.341459,0.0,-0.0,1e-06,0.0,-0.0,-10.583331,0.0,0.0,0.0,0.0
0.08,1.757751,0.341459,0.0,-0.0,1e-06,0.0,0.0,-10.583331,0.0,0.0,0.0,0.0
0.09,1.757751,0.341459,0.0,-0.0,1e-06,0.0,0.0,-10.583331,0.0,0.0,0.0,0.0
0.1,1.757751,0.341459,0.0,-0.0,1e-06,0.0,0.0,-10.583331,0.0,0.0,0.0,0.0
0.112,1.757592,0.341059,0.0,-0.015896,-0.039985,0.0,-8.528239,-32.07505,0.0,-0.015896,-0.039986,0.0
0.121,1.757274,0.34026,0.0,-0.031793,-0.079967,0.0,-8.528226,-32.074618,0.0,-0.015897,-0.039982,0.0
0.13,1.756797,0.33906,0.0,-0.047694,-0.119941,0.0,-8.528212,-32.074169,0.0,-0.015901,-0.039974,0.0
0.14,1.756161,0.337461,0.0,-0.0636,-0.159903,0.0,-8.528184,-32.073217,0.0,-0.015906,-0.039962,0.0
0.15,1.755366,0.335463,0.0,-0.079515,-0.199852,0.0,-8.52817,-32.072714,0.0,-0.015915,-0.039949,0.0
0.161,1.754411,0.333065,0.0,-0.095439,-0.239783,0.0,-8.52817,-32.072714,0.0,-0.015924,-0.039931,0.0
0.17,1.754411,0.333065,0.0,-0.095439,-0.239783,0.0,-8.52817,-32.072714,0.0,0.0,0.0,0.0
0.18,1.752024,0.327072,0.0,-0.127328,-0.319581,0.0,-8.528139,-32.071655,0.0,-0.031889,-0.079798,0.0
0.19,1.750591,0.323478,0.0,-0.143296,-0.359441,0.0,-8.528124,-32.071098,0.0,-0.015968,-0.03986,0.0
0.2,1.748998,0.319485,0.0,-0.159283,-0.39927,0.0,-8.528108,-32.070523,0.0,-0.015987,-0.039829,0.0
0.21,1.747245,0.315094,0.0,-0.175292,-0.439067,0.0,-8.528091,-32.06993,0.0,-0.016009,-0.039797,0.0
0.22,1.745332,0.310306,0.0,-0.191323,-0.478827,0.0,-8.528057,-32.068688,0.0,-0.016031,-0.03976,0.0
0.23,1.743258,0.305121,0.0,-0.207381,-0.518548,0.0,-8.52804,-32.068039,0.0,-0.016058,-0.039721,0.0
0.24,1.741024,0.299538,0.0,-0.223466,-0.558229,0.0,-8.52804,-32.068039,0.0,-0.016085,-0.039681,0.0
0.25,1.738628,0.29356,0.0,-0.239582,-0.597864,0.0,-8.527985,-32.065981,0.0,-0.016116,-0.039635,0.0
0.26,1.736071,0.287185,0.0,-0.25573,-0.637452,0.0,-8.527966,-32.065257,0.0,-0.016148,-0.039588,0.0
0.27,1.733351,0.280415,0.0,-0.271913,-0.676993,0.0,-8.527946,-32.064514,0.0,-0.016183,-0.039541,0.0
0.28,1.73047,0.27325,0.0,-0.288134,-0.716485,0.0,-8.527946,-32.064514,0.0,-0.016221,-0.039492,0.0
0.29,1.727426,0.265691,0.0,-0.304394,-0.755924,0.0,-8.527926,-32.063752,0.0,-0.01626,-0.039439,0.0
0.301,1.724219,0.257738,0.0,-0.320696,-0.795308,0.0,-8.527885,-32.062171,0.0,-0.016302,-0.039384,0.0
0.31,1.720849,0.249392,0.0,-0.337043,-0.834638,0.0,-8.527864,-32.061351,0.0,-0.016347,-0.03933,0.0
0.322,1.717314,0.240653,0.0,-0.353437,-0.873912,0.0,-8.527864,-32.061351,0.0,-0.016394,-0.039274,0.0
0.331,1.713616,0.231521,0.0,-0.36988,-0.913127,0.0,-8.527821,-32.059653,0.0,-0.016443,-0.039215,0.0
0.34,1.709752,0.221998,0.0,-0.386375,-0.952285,0.0,-8.527821,-32.059653,0.0,-0.016495,-0.039158,0.0
0.35,1.705723,0.212085,0.0,-0.402925,-0.991383,0.0,-8.527776,-32.057876,0.0,-0.01655,-0.039098,0.0
0.361,1.701527,0.20178,0.0,-0.419532,-1.030421,0.0,-8.527753,-32.056958,0.0,-0.016607,-0.039038,0.0
0.37,1.697165,0.191086,0.0,-0.436198,-1.069402,0.0,-8.527753,-32.056958,0.0,-0.016666,-0.038981,0.0
0.38,1.692636,0.180003,0.0,-0.452927,-1.108324,0.0,-8.52773,-32.05602,0.0,-0.016729,-0.038922,0.0
0.39,1.687939,0.168531,0.0,-0.469721,-1.147189,0.0,-8.52773,-32.05602,0.0,-0.016794,-0.038865,0.0
0.4,1.683073,0.156671,0.0,-0.486583,-1.185992,0.0,-8.527657,-32.053085,0.0,-0.016862,-0.038803,0.0
0.41,1.683073,0.156671,0.0,-0.486583,-1.185992,0.0,-8.527657,-32.053085,0.0,0.0,0.0,0.0
0.42,1.672833,0.13179,0.0,-0.52052,-1.26343,0.0,-8.527606,-32.051027,0.0,-0.033937,-0.077438,0.0
0.43,1.667457,0.118769,0.0,-0.537602,-1.302067,0.0,-8.52758,-32.049967,0.0,-0.017082,-0.038637,0.0
0.443,1.661909,0.105362,0.0,-0.554762,-1.340654,0.0,-8.52758,-32.049967,0.0,-0.01716,-0.038587,0.0
0.45,1.656189,0.09157,0.0,-0.572003,-1.379193,0.0,-8.52758,-32.049967,0.0,-0.017241,-0.038539,0.0
0.46,1.650296,0.077394,0.0,-0.589329,-1.417687,0.0,-8.52758,-32.049967,0.0,-0.017326,-0.038494,0.0
0.47,1.644228,0.062832,0.0,-0.606742,-1.456133,0.0,-8.5275,-32.046664,0.0,-0.017413,-0.038446,0.0
0.481,1.637986,0.047887,0.0,-0.624245,-1.494539,0.0,-8.527473,-32.045522,0.0,-0.017503,-0.038406,0.0
0.49,1.631567,0.032558,0.0,-0.641842,-1.532911,0.0,-8.527473,-32.045522,0.0,-0.017597,-0.038372,0.0
0.5,1.624972,0.016845,0.0,-0.659534,-1.57125,0.0,-8.527445,-32.044358,0.0,-0.017692,-0.038339,0.0
0.51,1.618199,0.00075,0.0,-0.677325,-1.609556,0.0,-8.527358,-32.040741,0.0,-0.017791,-0.038306,0.0
0.52,1.611247,-0.015729,0.0,-0.695218,-1.647842,0.0,-8.527358,-32.040741,0.0,-0.017893,-0.038286,0.0
0.53,1.611247,-0.015729,0.0,-0.695218,-1.647842,0.0,-8.527358,-32.040741,0.0,0.0,0.0,0.0
0.54,1.596801,-0.049834,0.0,-0.731321,-1.724373,0.0,-8.527358,-32.040741,0.0,-0.036103,-0.076531,0.0
0.55,1.596801,-0.049834,0.0,-0.731321,-1.724373,0.0,-8.527358,-32.040741,0.0,0.0,0.0,0.0
0.56,1.581627,-0.085468,0.0,-0.767867,-1.800873,0.0,-8.527237,-32.03562,0.0,-0.036546,-0.0765,0.0
0.57,1.573764,-0.10386,0.0,-0.786313,-1.839132,0.0,-8.527205,-32.034286,0.0,-0.018446,-0.038259,0.0
0.581,1.565715,-0.122634,0.0,-0.804878,-1.877408,0.0,-8.527173,-32.032929,0.0,-0.018565,-0.038276,0.0
0.59,1.55748,-0.141791,0.0,-0.823566,-1.91571,0.0,-8.527173,-32.032929,0.0,-0.018688,-0.038302,0.0
0.601,1.549056,-0.161331,0.0,-0.842379,-1.954044,0.0,-8.527141,-32.031551,0.0,-0.018813,-0.038334,0.0
0.611,1.540444,-0.180946,0.0,-0.861199,-1.961478,0.0,-8.527075,-15.53845,0.0,-0.01882,-0.007434,0.0
0.62,1.531644,-0.20056,0.0,-0.880015,-1.961415,0.0,-8.527041,-11.515117,0.0,-0.018816,6.3e-05,0.0
0.63,1.522655,-0.220174,0.0,-0.898839,-1.961342,0.0,-8.527007,-11.477897,0.0,-0.018824,7.3e-05,0.0
0.64,1.513479,-0.239786,0.0,-0.917671,-1.961259,0.0,-8.526972,-11.436182,0.0,-0.018832,8.3e-05,0.0
0.65,1.504114,-0.259399,0.0,-0.936511,-1.961252,0.0,-8.526972,-11.436182,0.0,-0.01884,7e-06,0.0
0.66,1.49456,-0.27901,0.0,-0.955359,-1.961148,0.0,-8.526902,-11.339337,0.0,-0.018848,0.000104,0.0
0.67,1.484818,-0.298621,0.0,-0.974214,-1.961033,0.0,-8.526902,-11.284246,0.0,-0.018855,0.000115,0.0
0.68,1.484818,-0.298621,0.0,-0.974214,-1.961033,0.0,-8.526902,-11.284246,0.0,0.0,0.0,0.0
0.69,1.474887,-0.31823,0.0,-0.993076,-1.960906,0.0,-8.52683,-11.224738,0.0,-0.018862,0.000127,0.0
0.701,1.464768,-0.337837,0.0,-1.011945,-1.960767,0.0,-8.526793,-11.160836,0.0,-0.018869,0.000139,0.0
0.71,1.454459,-0.357444,0.0,-1.03082,-1.960617,0.0,-8.526756,-11.092566,0.0,-0.018875,0.00015,0.0
0.72,1.443962,-0.377048,0.0,-1.0497,-1.960454,0.0,-8.526756,-11.019952,0.0,-0.01888,0.000163,0.0
0.73,1.433277,-0.396651,0.0,-1.068586,-1.960278,0.0,-8.52668,-10.943025,0.0,-0.018886,0.000176,0.0
0.74,1.422402,-0.416252,0.0,-1.087477,-1.96009,0.0,-8.526641,-10.86181,0.0,-0.018891,0.000188,0.0
0.75,1.411338,-0.435851,0.0,-1.106371,-1.959889,0.0,-8.526602,-10.776339,0.0,-0.018894,0.000201,0.0
0.76,1.400085,-0.455447,0.0,-1.12527,-1.959674,0.0,-8.526562,-10.686644,0.0,-0.018899,0.000215,0.0
0.771,1.388644,-0.475042,0.0,-1.144171,-1.959446,0.0,-8.526522,-10.592758,0.0,-0.018901,0.000228,0.0
0.78,1.377013,-0.494632,0.0,-1.163071,-1.959013,0.0,-8.526399,-10.39255,0.0,-0.0189,0.000433,0.0
0.79,1.365193,-0.51422,0.0,-1.181976,-1.958757,0.0,-8.526399,-10.39255,0.0,-0.018905,0.000256,0.0
0.8,1.353184,-0.533804,0.0,-1.200883,-1.958486,0.0,-8.526399,-10.2863,0.0,-0.018907,0.000271,0.0
0.81,1.340986,-0.553386,0.0,-1.219789,-1.958201,0.0,-8.526357,-10.176004,0.0,-0.018906,0.000285,0.0
0.82,1.3286,-0.572965,0.0,-1.238695,-1.957901,0.0,-8.526314,-10.061702,0.0,-0.018906,0.0003,0.0
0.831,1.303258,-0.612114,0.0,-1.276503,-1.957255,0.0,-8.526184,-9.821243,0.0,-0.037808,0.000646,0.0
0.84,1.290304,-0.631683,0.0,-1.295403,-1.956909,0.0,-8.52614,-9.695171,0.0,-0.0189,0.000346,0.0
0.85,1.290304,-0.631683,0.0,-1.295403,-1.956909,0.0,-8.52614,-9.695171,0.0,0.0,0.0,0.0
0.862,1.277161,-0.651251,0.0,-1.314306,-1.956792,0.0,-8.52614,-9.695171,0.0,-0.018903,0.000117,0.0
0.871,1.263829,-0.670815,0.0,-1.333197,-1.956414,0.0,-8.52605,-9.431565,0.0,-0.018891,0.000378,0.0
0.88,1.250309,-0.690375,0.0,-1.352083,-1.95602,0.0,-8.526004,-9.294124,0.0,-0.018886,0.000394,0.0
0.891,1.222701,-0.729483,0.0,-1.389833,-1.955182,0.0,-8.52591,-9.008208,0.0,-0.03775,0.000838,0.0
0.9,1.222701,-0.729483,0.0,-1.389833,-1.955182,0.0,-8.52591,-9.008208,0.0,0.0,0.0,0.0
0.912,1.208614,-0.749031,0.0,-1.408695,-1.954738,0.0,-8.525863,-8.859832,0.0,-0.018862,0.000444,0.0
0.92,1.179874,-0.788111,0.0,-1.446388,-1.953798,0.0,-8.525767,-8.552506,0.0,-0.037693,0.00094,0.0
0.93,1.179874,-0.788111,0.0,-1.446388,-1.953798,0.0,-8.525767,-8.552506,0.0,0.0,0.0,0.0
0.94,1.165222,-0.807644,0.0,-1.465216,-1.953302,0.0,-8.525767,-8.393661,0.0,-0.018828,0.000496,0.0
0.95,1.150382,-0.827172,0.0,-1.484031,-1.952788,0.0,-8.525669,-8.231439,0.0,-0.018815,0.000514,0.0
0.96,1.135354,-0.846695,0.0,-1.502831,-1.952256,0.0,-8.525669,-8.06589,0.0,-0.0188,0.000532,0.0
0.97,1.120137,-0.866212,0.0,-1.521614,-1.951707,0.0,-8.525569,-7.89708,0.0,-0.018783,0.000549,0.0
0.98,1.104734,-0.885723,0.0,-1.540381,-1.951138,0.0,-8.525518,-7.72506,0.0,-0.018767,0.000569,0.0
0.99,1.089142,-0.905232,0.0,-1.559141,-1.950881,0.0,-8.525518,-7.72506,0.0,-0.01876,0.000257,0.0
1.0,1.073363,-0.924738,0.0,-1.577882,-1.950611,0.0,-8.525466,-7.549894,0.0,-0.018741,0.00027,0.0
1.012,1.057397,-0.944238,0.0,-1.596589,-1.949987,0.0,-8.525362,-7.190369,0.0,-0.018707,0.000624,0.0
1.02,1.041245,-0.963731,0.0,-1.615274,-1.949344,0.0,-8.525309,-7.006136,0.0,-0.018685,0.000643,0.0
1.03,1.024905,-0.983222,0.0,-1.633949,-1.949034,0.0,-8.525309,-7.006136,0.0,-0.018675,0.00031,0.0
1.04,1.008379,-1.002709,0.0,-1.652599,-1.94871,0.0,-8.525256,-6.819008,0.0,-0.01865,0.000324,0.0
1.051,0.991667,-1.022189,0.0,-1.671208,-1.948009,0.0,-8.525148,-6.436333,0.0,-0.018609,0.000701,0.0
1.06,0.974769,-1.041665,0.0,-1.689804,-1.947657,0.0,-8.525148,-6.436333,0.0,-0.018596,0.000352,0.0
1.07,0.940416,-1.080611,0.0,-1.726909,-1.946899,0.0,-8.524981,-5.842298,0.0,-0.037105,0.000758,0.0
1.08,0.922962,-1.100072,0.0,-1.745397,-1.946121,0.0,-8.524925,-5.639228,0.0,-0.018488,0.000778,0.0
1.09,0.922962,-1.100072,0.0,-1.745397,-1.946121,0.0,-8.524925,-5.639228,0.0,0.0,0.0,0.0
1.1,0.888009,-1.138975,0.0,-1.748428,-1.944929,0.0,0.001965,-5.831456,0.0,-0.003031,0.001192,0.0
1.11,0.87051,-1.158416,0.0,-1.749866,-1.94411,0.0,0.001971,-5.418723,0.0,-0.001438,0.000819,0.0
1.12,0.87051,-1.158416,0.0,-1.749866,-1.94411,0.0,0.001971,-5.418723,0.0,0.0,0.0,0.0
1.13,0.852997,-1.177849,0.0,-1.751257,-1.943271,0.0,0.001974,-5.208934,0.0,-0.001391,0.000839,0.0
1.14,0.835471,-1.197273,0.0,-1.7526,-1.942411,0.0,0.001976,-4.996978,0.0,-0.001343,0.00086,0.0
1.15,0.817933,-1.216688,0.0,-1.753894,-1.941532,0.0,0.001979,-4.782942,0.0,-0.001294,0.000879,0.0
1.16,0.800381,-1.236095,0.0,-1.755138,-1.940632,0.0,0.001979,-4.566914,0.0,-0.001244,0.0009,0.0
1.17,0.782818,-1.255492,0.0,-1.75633,-1.939712,0.0,0.001985,-4.348984,0.0,-0.001192,0.00092,0.0
1.18,0.765243,-1.274884,0.0,-1.75749,-1.939185,0.0,0.001985,-4.348984,0.0,-0.00116,0.000527,0.0
1.19,0.730061,-1.313647,0.0,-1.759632,-1.93766,0.0,0.001993,-3.684682,0.0,-0.002142,0.001525,0.0
1.2,0.712455,-1.333013,0.0,-1.760611,-1.93666,0.0,0.001996,-3.46005,0.0,-0.000979,0.001,0.0
1.21,0.712455,-1.333013,0.0,-1.760611,-1.93666,0.0,0.001996,-3.46005,0.0,0.0,0.0,0.0
1.221,0.694839,-1.352374,0.0,-1.761556,-1.936064,0.0,0.001996,-3.46005,0.0,-0.000945,0.000596,0.0
1.23,0.659582,-1.391072,0.0,-1.763257,-1.93439,0.0,0.002005,-2.777865,0.0,-0.001701,0.001674,0.0
1.24,0.659582,-1.391072,0.0,-1.763257,-1.93439,0.0,0.002005,-2.777865,0.0,0.0,0.0,0.0
1.251,0.641942,-1.410405,0.0,-1.76401,-1.933309,0.0,0.002005,-2.548022,0.0,-0.000753,0.001081,0.0
1.26,0.624295,-1.429727,0.0,-1.764706,-1.932208,0.0,0.00201,-2.317114,0.0,-0.000696,0.001101,0.0
1.27,0.588982,-1.468342,0.0,-1.765945,-1.930386,0.0,0.002013,-2.085238,0.0,-0.001239,0.001822,0.0
1.28,0.588982,-1.468342,0.0,-1.765945,-1.930386,0.0,0.002013,-2.085238,0.0,0.0,0.0,0.0
1.29,0.571317,-1.487634,0.0,-1.766464,-1.929227,0.0,0.002019,-1.618966,0.0,-0.000519,0.001159,0.0
1.3,0.553648,-1.506915,0.0,-1.766924,-1.928048,0.0,0.002022,-1.384766,0.0,-0.00046,0.001179,0.0
1.31,0.535975,-1.526183,0.0,-1.767324,-1.92685,0.0,0.002025,-1.149986,0.0,-0.0004,0.001198,0.0
1.32,0.518298,-1.54544,0.0,-1.767664,-1.925633,0.0,0.002025,-0.914724,0.0,-0.00034,0.001217,0.0
1.33,0.500619,-1.564684,0.0,-1.767943,-1.924397,0.0,0.002028,-0.67908,0.0,-0.000279,0.001236,0.0
1.341,0.482937,-1.583915,0.0,-1.768162,-1.923143,0.0,0.00203,-0.443151,0.0,-0.000219,0.001254,0.0
1.35,0.465254,-1.603129,0.0,-1.768297,-1.921426,0.0,0.002036,0.029164,0.0,-0.000135,0.001717,0.0
1.361,0.44757,-1.622331,0.0,-1.768395,-1.920134,0.0,0.002036,0.029164,0.0,-9.8e-05,0.001292,0.0
1.37,0.429886,-1.641519,0.0,-1.768433,-1.918825,0.0,0.002042,0.265353,0.0,-3.8e-05,0.001309,0.0
1.38,0.412202,-1.660694,0.0,-1.768411,-1.917497,0.0,0.002045,0.501432,0.0,2.2e-05,0.001328,0.0
1.39,0.394519,-1.679851,0.0,-1.768304,-1.915709,0.0,0.00205,0.972862,0.0,0.000107,0.001788,0.0
1.4,0.376837,-1.698994,0.0,-1.768162,-1.914346,0.0,0.00205,0.972862,0.0,0.000142,0.001363,0.0
1.411,0.359157,-1.718128,0.0,-1.767984,-1.913408,0.0,0.00205,0.972862,0.0,0.000178,0.000938,0.0
1.42,0.34148,-1.737249,0.0,-1.767724,-1.912011,0.0,0.002053,1.442666,0.0,0.00026,0.001397,0.0
1.43,0.323806,-1.75635,0.0,-1.76738,-1.910159,0.0,0.002059,1.910058,0.0,0.000344,0.001852,0.0
1.442,0.306136,-1.775437,0.0,-1.767002,-1.908729,0.0,0.002059,1.910058,0.0,0.000378,0.00143,0.0
1.45,0.306136,-1.775437,0.0,-1.767002,-1.908729,0.0,0.002059,1.910058,0.0,0.0,0.0,0.0
1.46,0.270809,-1.813577,0.0,-1.766096,-1.90626,0.0,0.002064,2.374257,0.0,0.000906,0.002469,0.0
1.47,0.253154,-1.832621,0.0,-1.765523,-1.904353,0.0,0.00207,2.834489,0.0,0.000573,0.001907,0.0
1.48,0.235505,-1.851645,0.0,-1.764894,-1.902433,0.0,0.002073,3.062877,0.0,0.000629,0.00192,0.0
1.49,0.217863,-1.870654,0.0,-1.764233,-1.900928,0.0,0.002073,3.062877,0.0,0.000661,0.001505,0.0
1.5,0.200228,-1.889649,0.0,-1.763517,-1.899409,0.0,0.002076,3.289986,0.0,0.000716,0.001519,0.0
1.511,0.1826,-1.908623,0.0,-1.762725,-1.897456,0.0,0.002081,3.739991,0.0,0.000792,0.001953,0.0
1.52,0.164981,-1.927582,0.0,-1.761903,-1.895911,0.0,0.002081,3.739991,0.0,0.000822,0.001545,0.0
1.53,0.147371,-1.946526,0.0,-1.761028,-1.894354,0.0,0.002084,3.962699,0.0,0.000875,0.001557,0.0
1.54,0.12977,-1.965454,0.0,-1.760101,-1.892785,0.0,0.002087,4.183755,0.0,0.000927,0.001569,0.0
1.551,0.112179,-1.984362,0.0,-1.759104,-1.890796,0.0,0.002096,4.620545,0.0,0.000997,0.001989,0.0
1.56,0.094598,-2.003254,0.0,-1.758078,-1.889206,0.0,0.002096,4.620545,0.0,0.001026,0.00159,0.0
1.572,0.077028,-2.02213,0.0,-1.757004,-1.887605,0.0,0.002098,4.836098,0.0,0.001074,0.001601,0.0
1.58,0.077028,-2.02213,0.0,-1.757004,-1.887605,0.0,0.002098,4.836098,0.0,0.0,0.0,0.0
1.591,0.041923,-2.059821,0.0,-1.754675,-1.883586,0.0,0.002107,5.470324,0.0,0.002329,0.004019,0.0
1.6,0.024388,-2.078637,0.0,-1.753444,-1.881571,0.0,0.00211,5.677299,0.0,0.001231,0.002015,0.0
1.612,0.024388,-2.078637,0.0,-1.753444,-1.881571,0.0,0.00211,5.677299,0.0,0.0,0.0,0.0
1.62,0.006867,-2.097433,0.0,-1.752169,-1.879552,0.0,0.00211,5.881914,0.0,0.001275,0.002019,0.0
1.63,-0.010642,-2.116208,0.0,-1.750852,-1.877532,0.0,0.002113,6.084087,0.0,0.001317,0.00202,0.0
1.64,-0.045618,-2.153706,0.0,-1.748115,-1.873864,0.0,0.002121,6.480772,0.0,0.002737,0.003668,0.0
1.65,-0.063085,-2.172424,0.0,-1.746679,-1.871843,0.0,0.002124,6.675124,0.0,0.001436,0.002021,0.0
1.662,-0.063085,-2.172424,0.0,-1.746679,-1.871843,0.0,0.002124,6.675124,0.0,0.0,0.0,0.0
1.67,-0.080537,-2.191126,0.0,-1.745222,-1.870184,0.0,0.002124,6.675124,0.0,0.001457,0.001659,0.0
1.68,-0.097974,-2.209811,0.0,-1.743729,-1.868523,0.0,0.002127,6.866708,0.0,0.001493,0.001661,0.0
1.69,-0.115396,-2.228476,0.0,-1.742184,-1.86651,0.0,0.002133,7.241269,0.0,0.001545,0.002013,0.0
1.701,-0.132802,-2.247125,0.0,-1.740622,-1.864847,0.0,0.002133,7.241269,0.0,0.001562,0.001663,0.0
1.71,-0.150193,-2.265753,0.0,-1.739012,-1.862845,0.0,0.002138,7.603847,0.0,0.00161,0.002002,0.0
1.721,-0.167566,-2.284365,0.0,-1.737385,-1.861184,0.0,0.002138,7.603847,0.0,0.001627,0.001661,0.0
1.73,-0.184924,-2.302957,0.0,-1.735714,-1.859198,0.0,0.002144,7.953858,0.0,0.001671,0.001986,0.0
1.74,-0.202264,-2.321529,0.0,-1.734015,-1.857223,0.0,0.002147,8.123975,0.0,0.001699,0.001975,0.0
1.75,-0.219587,-2.340082,0.0,-1.732289,-1.855258,0.0,0.00215,8.290742,0.0,0.001726,0.001965,0.0
1.761,-0.236892,-2.358618,0.0,-1.730551,-1.853612,0.0,0.00215,8.290742,0.0,0.001738,0.001646,0.0
1.771,-0.25418,-2.377137,0.0,-1.728787,-1.851973,0.0,0.002152,8.454091,0.0,0.001764,0.001639,0.0
1.78,-0.27145,-2.395641,0.0,-1.727,-1.850342,0.0,0.002155,8.613959,0.0,0.001787,0.001631,0.0
1.791,-0.288702,-2.414128,0.0,-1.725191,-1.84872,0.0,0.002158,8.770281,0.0,0.001809,0.001622,0.0
1.8,-0.305936,-2.432599,0.0,-1.72336,-1.847109,0.0,0.002161,8.922996,0.0,0.001831,0.001611,0.0
1.81,-0.323151,-2.451054,0.0,-1.721509,-1.84551,0.0,0.002164,9.072044,0.0,0.001851,0.001599,0.0
1.82,-0.340347,-2.469494,0.0,-1.71964,-1.843923,0.0,0.002167,9.217366,0.0,0.001869,0.001587,0.0
1.83,-0.340347,-2.469494,0.0,-1.71964,-1.843923,0.0,0.002167,9.217366,0.0,0.0,0.0,0.0
1.84,-0.374683,-2.506325,0.0,-1.715851,-1.840796,0.0,0.002172,9.496606,0.0,0.003789,0.003127,0.0
1.85,-0.391822,-2.524718,0.0,-1.713934,-1.839257,0.0,0.002178,9.630414,0.0,0.001917,0.001539,0.0
1.86,-0.408942,-2.543093,0.0,-1.711995,-1.837501,0.0,0.002184,9.88615,0.0,0.001939,0.001756,0.0
1.87,-0.426043,-2.56145,0.0,-1.710044,-1.835772,0.0,0.002186,10.007978,0.0,0.001951,0.001729,0.0
1.88,-0.443124,-2.579791,0.0,-1.708084,-1.834072,0.0,0.002189,10.125716,0.0,0.00196,0.0017,0.0
1.89,-0.460185,-2.598117,0.0,-1.706121,-1.832617,0.0,0.002189,10.125716,0.0,0.001963,0.001455,0.0
1.9,-0.477226,-2.616431,0.0,-1.704156,-1.831399,0.0,0.002189,10.125716,0.0,0.001965,0.001218,0.0
1.91,-0.494248,-2.634731,0.0,-1.702177,-1.829994,0.0,0.002192,10.348747,0.0,0.001979,0.001405,0.0
1.92,-0.51125,-2.653017,0.0,-1.700191,-1.828617,0.0,0.002198,10.453954,0.0,0.001986,0.001377,0.0
1.931,-0.528232,-2.67129,0.0,-1.698199,-1.827269,0.0,0.002201,10.554903,0.0,0.001992,0.001348,0.0
1.94,-0.545194,-2.68955,0.0,-1.696204,-1.825951,0.0,0.002201,10.651555,0.0,0.001995,0.001318,0.0
1.95,-0.562136,-2.707796,0.0,-1.694205,-1.824666,0.0,0.002203,10.743875,0.0,0.001999,0.001285,0.0
1.96,-0.579058,-2.726029,0.0,-1.6922,-1.823258,0.0,0.002209,10.915381,0.0,0.002005,0.001408,0.0
1.97,-0.59596,-2.744248,0.0,-1.690195,-1.821894,0.0,0.002212,10.994505,0.0,0.002005,0.001364,0.0
1.98,-0.612842,-2.762453,0.0,-1.68819,-1.820575,0.0,0.002218,11.069171,0.0,0.002005,0.001319,0.0
1.99,-0.629704,-2.780648,0.0,-1.686189,-1.819436,0.0,0.002218,11.069171,0.0,0.002001,0.001139,0.0
2.0,-0.646546,-2.798831,0.0,-1.68419,-1.818337,0.0,0.00222,11.139351,0.0,0.001999,0.001099,0.0
2.01,-0.663368,-2.817003,0.0,-1.682192,-1.817165,0.0,0.002226,11.266159,0.0,0.001998,0.001172,0.0
2.02,-0.68017,-2.835164,0.0,-1.680199,-1.816152,0.0,0.002226,11.266159,0.0,0.001993,0.001013,0.0
2.031,-0.696952,-2.853317,0.0,-1.678214,-1.815291,0.0,0.002226,11.266159,0.0,0.001985,0.000861,0.0
2.04,-0.713714,-2.871461,0.0,-1.676231,-1.814371,0.0,0.002232,11.374752,0.0,0.001983,0.00092,0.0
2.051,-0.730457,-2.889595,0.0,-1.674252,-1.81342,0.0,0.002237,11.464983,0.0,0.001979,0.000951,0.0
2.06,-0.747179,-2.90772,0.0,-1.672281,-1.812528,0.0,0.002237,11.503175,0.0,0.001971,0.000892,0.0
2.07,-0.763883,-2.925838,0.0,-1.670318,-1.81176,0.0,0.002237,11.503175,0.0,0.001963,0.000768,0.0
2.08,-0.780566,-2.943949,0.0,-1.668365,-1.811109,0.0,0.002237,11.503175,0.0,0.001953,0.000651,0.0
2.09,-0.797231,-2.962054,0.0,-1.666421,-1.810505,0.0,0.00224,11.536735,0.0,0.001944,0.000604,0.0
2.101,-0.813875,-2.980154,0.0,-1.664485,-1.80995,0.0,0.002246,11.565654,0.0,0.001936,0.000555,0.0
2.111,-0.830501,-2.998248,0.0,-1.66256,-1.809446,0.0,0.002249,11.589923,0.0,0.001925,0.000504,0.0
2.12,-0.847107,-3.016338,0.0,-1.660645,-1.808994,0.0,0.002252,11.609537,0.0,0.001915,0.000452,0.0
2.13,-0.863695,-3.034424,0.0,-1.658741,-1.808576,0.0,0.002257,11.634782,0.0,0.001904,0.000418,0.0
2.141,-0.880263,-3.052506,0.0,-1.656848,-1.808222,0.0,0.00226,11.640411,0.0,0.001893,0.000354,0.0
2.152,-0.896813,-3.070585,0.0,-1.654968,-1.807934,0.0,0.002263,11.641379,0.0,0.00188,0.000288,0.0
2.16,-0.913344,-3.088663,0.0,-1.653101,-1.807707,0.0,0.002263,11.641379,0.0,0.001867,0.000227,0.0
2.17,-0.929856,-3.106738,0.0,-1.651247,-1.80754,0.0,0.002266,11.637689,0.0,0.001854,0.000167,0.0
2.18,-0.946351,-3.124813,0.0,-1.649406,-1.80746,0.0,0.002272,11.616359,0.0,0.001841,8e-05,0.0
2.192,-0.962826,-3.142887,0.0,-1.64758,-1.807493,0.0,0.002277,11.576484,0.0,0.001826,-3.3e-05,0.0
2.203,-0.979284,-3.160963,0.0,-1.645768,-1.807559,0.0,0.002277,11.576484,0.0,0.001812,-6.6e-05,0.0
2.211,-0.995724,-3.179041,0.0,-1.643971,-1.807759,0.0,0.00228,11.518157,0.0,0.001797,-0.0002,0.0
2.22,-1.012146,-3.197121,0.0,-1.642189,-1.808044,0.0,0.002286,11.482112,0.0,0.001782,-0.000285,0.0
2.232,-1.02855,-3.215205,0.0,-1.640422,-1.808416,0.0,0.002289,11.441501,0.0,0.001767,-0.000372,0.0
2.24,-1.044937,-3.233293,0.0,-1.63867,-1.808792,0.0,0.002289,11.441501,0.0,0.001752,-0.000376,0.0
2.25,-1.061306,-3.251387,0.0,-1.636934,-1.809342,0.0,0.002294,11.346668,0.0,0.001736,-0.00055,0.0
2.26,-1.077658,-3.269486,0.0,-1.635214,-1.809982,0.0,0.002297,11.29249,0.0,0.00172,-0.00064,0.0
2.27,-1.093993,-3.287594,0.0,-1.63351,-1.810715,0.0,0.0023,11.233836,0.0,0.001704,-0.000733,0.0
2.281,-1.093993,-3.287594,0.0,-1.63351,-1.810715,0.0,0.0023,11.233836,0.0,0.0,0.0,0.0
2.29,-1.110311,-3.305709,0.0,-1.631822,-1.811541,0.0,0.002303,11.170735,0.0,0.001688,-0.000826,0.0
2.3,-1.126613,-3.323834,0.0,-1.630149,-1.812461,0.0,0.002306,11.103214,0.0,0.001673,-0.00092,0.0
2.31,-1.142898,-3.341968,0.0,-1.628494,-1.813477,0.0,0.002306,11.031304,0.0,0.001655,-0.001016,0.0
2.32,-1.159166,-3.360114,0.0,-1.626854,-1.814589,0.0,0.002311,10.955037,0.0,0.00164,-0.001112,0.0
2.332,-1.175419,-3.378272,0.0,-1.625231,-1.8158,0.0,0.002311,10.874446,0.0,0.001623,-0.001211,0.0
2.34,-1.191655,-3.396443,0.0,-1.623624,-1.817108,0.0,0.002314,10.789567,0.0,0.001607,-0.001308,0.0
2.35,-1.207875,-3.414628,0.0,-1.622033,-1.818516,0.0,0.002317,10.700437,0.0,0.001591,-0.001408,0.0
2.362,-1.22408,-3.432829,0.0,-1.62046,-1.820024,0.0,0.00232,10.607093,0.0,0.001573,-0.001508,0.0
2.37,-1.240269,-3.451045,0.0,-1.618902,-1.821633,0.0,0.002323,10.509577,0.0,0.001558,-0.001609,0.0
2.382,-1.256442,-3.469278,0.0,-1.617361,-1.823344,0.0,0.002325,10.40793,0.0,0.001541,-0.001711,0.0
2.39,-1.272601,-3.48753,0.0,-1.615836,-1.825157,0.0,0.002328,10.302195,0.0,0.001525,-0.001813,0.0
2.4,-1.288744,-3.505801,0.0,-1.614327,-1.827073,0.0,0.002331,10.192416,0.0,0.001509,-0.001916,0.0
2.41,-1.304872,-3.524092,0.0,-1.612835,-1.829092,0.0,0.002334,10.078642,0.0,0.001492,-0.002019,0.0
2.42,-1.320986,-3.542406,0.0,-1.611355,-1.831443,0.0,0.00234,9.839294,0.0,0.00148,-0.002351,0.0
2.43,-1.337085,-3.560745,0.0,-1.609891,-1.833905,0.0,0.002342,9.713822,0.0,0.001464,-0.002462,0.0
2.442,-1.353169,-3.579108,0.0,-1.608446,-1.836235,0.0,0.002342,9.713822,0.0,0.001445,-0.00233,0.0
2.45,-1.36924,-3.597494,0.0,-1.607018,-1.83867,0.0,0.002345,9.584552,0.0,0.001428,-0.002435,0.0
2.46,-1.385296,-3.615909,0.0,-1.6056,-1.841466,0.0,0.002351,9.314839,0.0,0.001418,-0.002796,0.0
2.47,-1.401337,-3.634353,0.0,-1.604196,-1.844373,0.0,0.002354,9.174505,0.0,0.001404,-0.002907,0.0
2.48,-1.417366,-3.652824,0.0,-1.602814,-1.847121,0.0,0.002354,9.174505,0.0,0.001382,-0.002748,0.0
2.49,-1.433692,-3.657044,0.0,-1.632628,-0.422024,0.0,0.002359,769.792847,0.0,-0.029814,1.425097,0.0
2.5,-1.450143,-3.655591,0.0,-1.645124,0.145268,0.0,0.002362,312.743357,0.0,-0.012496,0.567292,0.0
2.51,-1.466593,-3.654171,0.0,-1.64501,0.142066,0.0,0.002365,8.812021,0.0,0.000114,-0.003202,0.0
2.52,-1.483042,-3.652782,0.0,-1.644897,0.138851,0.0,0.002365,8.812021,0.0,0.000113,-0.003215,0.0
2.53,-1.49949,-3.651426,0.0,-1.644785,0.135623,0.0,0.002368,8.812022,0.0,0.000112,-0.003228,0.0
2.541,-1.515937,-3.650102,0.0,-1.644675,0.132382,0.0,0.002371,8.812022,0.0,0.00011,-0.003241,0.0
2.551,-1.532382,-3.648811,0.0,-1.644565,0.129129,0.0,0.002374,8.812023,0.0,0.00011,-0.003253,0.0
2.56,-1.548827,-3.647552,0.0,-1.644456,0.125865,0.0,0.002379,8.812025,0.0,0.000109,-0.003264,0.0
2.57,-1.56527,-3.646326,0.0,-1.644349,0.122588,0.0,0.002379,8.812025,0.0,0.000107,-0.003277,0.0
2.58,-1.581713,-3.645133,0.0,-1.644242,0.119301,0.0,0.002382,8.812025,0.0,0.000107,-0.003287,0.0
2.59,-1.598154,-3.643973,0.0,-1.644137,0.116003,0.0,0.002385,8.812026,0.0,0.000105,-0.003298,0.0
2.6,-1.614595,-3.642846,0.0,-1.644032,0.112694,0.0,0.002388,8.812027,0.0,0.000105,-0.003309,0.0
2.61,-1.631034,-3.641753,0.0,-1.643929,0.109375,0.0,0.00239,8.812027,0.0,0.000103,-0.003319,0.0
2.621,-1.647472,-3.640692,0.0,-1.643826,0.106046,0.0,0.00239,8.812027,0.0,0.000103,-0.003329,0.0
2.63,-1.663909,-3.639665,0.0,-1.643725,0.102708,0.0,0.002393,8.812028,0.0,0.000101,-0.003338,0.0
2.642,-1.680346,-3.638671,0.0,-1.643624,0.09936,0.0,0.002402,8.81203,0.0,0.000101,-0.003348,0.0
2.651,-1.696781,-3.637711,0.0,-1.643525,0.096004,0.0,0.002402,8.81203,0.0,9.9e-05,-0.003356,0.0
2.66,-1.713215,-3.636785,0.0,-1.643426,0.092638,0.0,0.002405,8.81203,0.0,9.9e-05,-0.003366,0.0
2.67,-1.729648,-3.635892,0.0,-1.643329,0.089265,0.0,0.002407,8.812031,0.0,9.7e-05,-0.003373,0.0
2.68,-1.746081,-3.635034,0.0,-1.643232,0.085884,0.0,0.002413,8.812033,0.0,9.7e-05,-0.003381,0.0
2.69,-1.762512,-3.634209,0.0,-1.643136,0.082495,0.0,0.002413,8.812033,0.0,9.6e-05,-0.003389,0.0
2.7,-1.778943,-3.633418,0.0,-1.643041,0.079098,0.0,0.002416,8.812033,0.0,9.5e-05,-0.003397,0.0
2.711,-1.795372,-3.632661,0.0,-1.642947,0.075695,0.0,0.002422,8.812035,0.0,9.4e-05,-0.003403,0.0
2.72,-1.795372,-3.632661,0.0,-1.642947,0.075695,0.0,0.002422,8.812035,0.0,0.0,0.0,0.0
2.73,-1.811801,-3.631938,0.0,-1.642854,0.072285,0.0,0.002424,8.812036,0.0,9.3e-05,-0.00341,0.0
2.74,-1.828228,-3.631249,0.0,-1.642762,0.068868,0.0,0.002427,8.812036,0.0,9.2e-05,-0.003417,0.0
2.752,-1.844655,-3.630595,0.0,-1.642671,0.065446,0.0,0.00243,8.812037,0.0,9.1e-05,-0.003422,0.0
2.76,-1.861081,-3.629975,0.0,-1.642581,0.062018,0.0,0.002433,8.812038,0.0,9e-05,-0.003428,0.0
2.77,-1.877506,-3.629389,0.0,-1.642491,0.058584,0.0,0.002439,8.812039,0.0,9e-05,-0.003434,0.0
2.78,-1.89393,-3.628837,0.0,-1.642403,0.055145,0.0,0.002439,8.812039,0.0,8.8e-05,-0.003439,0.0
2.79,-1.910353,-3.62832,0.0,-1.642315,0.051701,0.0,0.002444,8.81204,0.0,8.8e-05,-0.003444,0.0
2.8,-1.926775,-3.627838,0.0,-1.642228,0.048253,0.0,0.002444,8.812041,0.0,8.7e-05,-0.003448,0.0
2.811,-1.943196,-3.62739,0.0,-1.642142,0.044801,0.0,0.002447,8.812041,0.0,8.6e-05,-0.003452,0.0
2.82,-1.959617,-3.626976,0.0,-1.642056,0.041344,0.0,0.00245,8.812042,0.0,8.6e-05,-0.003457,0.0
2.83,-1.976037,-3.626597,0.0,-1.641972,0.037884,0.0,0.002453,8.812043,0.0,8.4e-05,-0.00346,0.0
2.84,-1.992456,-3.626253,0.0,-1.641888,0.034421,0.0,0.002456,8.812044,0.0,8.4e-05,-0.003463,0.0
2.85,-2.008874,-3.625944,0.0,-1.641805,0.030955,0.0,0.002458,8.812044,0.0,8.3e-05,-0.003466,0.0
2.86,-2.025291,-3.625669,0.0,-1.641723,0.027486,0.0,0.002464,8.812045,0.0,8.2e-05,-0.003469,0.0
2.87,-2.058123,-3.625223,0.0,-1.641561,0.020541,0.0,0.002467,8.812046,0.0,0.000162,-0.006945,0.0
2.88,-2.058123,-3.625223,0.0,-1.641561,0.020541,0.0,0.002467,8.812046,0.0,0.0,0.0,0.0
2.89,-2.090952,-3.624917,0.0,-1.641401,0.013589,0.0,0.002475,8.812048,0.0,0.00016,-0.006952,0.0
2.901,-2.090952,-3.624917,0.0,-1.641401,0.013589,0.0,0.002475,8.812048,0.0,0.0,0.0,0.0
2.91,-2.123777,-3.624749,0.0,-1.641244,0.006632,0.0,0.002475,8.812048,0.0,0.000157,-0.006957,0.0
2.92,-2.140189,-3.624718,0.0,-1.641167,0.003153,0.0,0.002481,8.81205,0.0,7.7e-05,-0.003479,0.0
2.93,-2.140189,-3.624718,0.0,-1.641167,0.003153,0.0,0.002481,8.81205,0.0,0.0,0.0,0.0
2.94,-2.1566,-3.624721,0.0,-1.64109,-0.000327,0.0,0.002484,8.81205,0.0,7.7e-05,-0.00348,0.0
2.95,-2.18942,-3.624832,0.0,-1.640939,-0.007286,0.0,0.00249,8.812052,0.0,0.000151,-0.006959,0.0
2.96,-2.205828,-3.62494,0.0,-1.640864,-0.010765,0.0,0.002492,8.812053,0.0,7.5e-05,-0.003479,0.0
2.97,-2.222236,-3.625082,0.0,-1.64079,-0.014242,0.0,0.002495,8.812053,0.0,7.4e-05,-0.003477,0.0
2.98,-2.222236,-3.625082,0.0,-1.64079,-0.014242,0.0,0.002495,8.812053,0.0,0.0,0.0,0.0
2.99,-2.25505,-3.625471,0.0,-1.640644,-0.021194,0.0,0.002501,8.812055,0.0,0.000146,-0.006952,0.0
3.0,-2.271455,-3.625718,0.0,-1.640571,-0.024667,0.0,0.002501,8.812055,0.0,7.3e-05,-0.003473,0.0
3.01,-2.28786,-3.625999,0.0,-1.640499,-0.028138,0.0,0.002507,8.812056,0.0,7.2e-05,-0.003471,0.0
3.02,-2.304265,-3.626315,0.0,-1.640428,-0.031607,0.0,0.002512,8.812057,0.0,7.1e-05,-0.003469,0.0
3.03,-2.320668,-3.626666,0.0,-1.640357,-0.035072,0.0,0.002515,8.812058,0.0,7.1e-05,-0.003465,0.0
3.041,-2.337071,-3.627051,0.0,-1.640287,-0.038535,0.0,0.002515,8.812058,0.0,7e-05,-0.003463,0.0
3.05,-2.353473,-3.627471,0.0,-1.640218,-0.041994,0.0,0.002518,8.81206,0.0,6.9e-05,-0.003459,0.0
3.06,-2.369875,-3.627926,0.0,-1.640148,-0.04545,0.0,0.002521,8.81206,0.0,7e-05,-0.003456,0.0
3.07,-2.386276,-3.628415,0.0,-1.64008,-0.048902,0.0,0.002526,8.812061,0.0,6.8e-05,-0.003452,0.0
3.08,-2.402676,-3.628938,0.0,-1.640012,-0.052349,0.0,0.002529,8.812062,0.0,6.8e-05,-0.003447,0.0
3.09,-2.419075,-3.629496,0.0,-1.639944,-0.055792,0.0,0.002529,8.812062,0.0,6.8e-05,-0.003443,0.0
3.1,-2.435306,-3.630086,0.0,-1.623116,-0.059013,0.0,8.52598,9.104236,0.0,0.016828,-0.003221,0.0
3.11,-2.451369,-3.630709,0.0,-1.606287,-0.062227,0.0,8.52598,9.106463,0.0,0.016829,-0.003214,0.0
3.12,-2.467264,-3.631363,0.0,-1.58946,-0.065432,0.0,8.525783,9.110842,0.0,0.016827,-0.003205,0.0
3.13,-2.48299,-3.632049,0.0,-1.572633,-0.068634,0.0,8.525783,9.110842,0.0,0.016827,-0.003202,0.0
3.141,-2.498548,-3.632767,0.0,-1.555806,-0.071825,0.0,8.525653,9.115133,0.0,0.016827,-0.003191,0.0
3.151,-2.513938,-3.633518,0.0,-1.538979,-0.075014,0.0,8.525653,9.115133,0.0,0.016827,-0.003189,0.0
3.161,-2.529159,-3.6343,0.0,-1.522152,-0.078199,0.0,8.525653,9.115133,0.0,0.016827,-0.003185,0.0
3.17,-2.544213,-3.635113,0.0,-1.505326,-0.081373,0.0,8.525525,9.119333,0.0,0.016826,-0.003174,0.0
3.18,-2.559098,-3.635959,0.0,-1.488499,-0.08454,0.0,8.525462,9.121399,0.0,0.016827,-0.003167,0.0
3.19,-2.573814,-3.636836,0.0,-1.471673,-0.087698,0.0,8.525399,9.123443,0.0,0.016826,-0.003158,0.0
3.201,-2.588363,-3.637744,0.0,-1.454847,-0.090849,0.0,8.525336,9.125464,0.0,0.016826,-0.003151,0.0
3.21,-2.602743,-3.638684,0.0,-1.438021,-0.093991,0.0,8.525336,9.127464,0.0,0.016826,-0.003142,0.0
3.22,-2.616955,-3.639655,0.0,-1.421195,-0.097124,0.0,8.525212,9.129438,0.0,0.016826,-0.003133,0.0
3.232,-2.630999,-3.640658,0.0,-1.40437,-0.100249,0.0,8.52515,9.131391,0.0,0.016825,-0.003125,0.0
3.24,-2.644874,-3.641692,0.0,-1.387544,-0.103364,0.0,8.52515,9.133323,0.0,0.016826,-0.003115,0.0
3.25,-2.658581,-3.642756,0.0,-1.370718,-0.10647,0.0,8.525089,9.135231,0.0,0.016826,-0.003106,0.0
3.26,-2.67212,-3.643852,0.0,-1.353892,-0.109566,0.0,8.525028,9.137116,0.0,0.016826,-0.003096,0.0
3.27,-2.685491,-3.644978,0.0,-1.337066,-0.112653,0.0,8.524908,9.138976,0.0,0.016826,-0.003087,0.0
3.28,-2.698693,-3.646136,0.0,-1.32024,-0.115726,0.0,8.524789,9.142633,0.0,0.016826,-0.003073,0.0
3.29,-2.711727,-3.647324,0.0,-1.303415,-0.118788,0.0,8.52473,9.144428,0.0,0.016825,-0.003062,0.0
3.3,-2.724593,-3.648542,0.0,-1.286589,-0.12184,0.0,8.524672,9.1462,0.0,0.016826,-0.003052,0.0
3.31,-2.737291,-3.649791,0.0,-1.269763,-0.124881,0.0,8.524614,9.147949,0.0,0.016826,-0.003041,0.0
3.32,-2.74982,-3.65107,0.0,-1.252936,-0.127914,0.0,8.524614,9.147949,0.0,0.016827,-0.003033,0.0
3.33,-2.762181,-3.652379,0.0,-1.236109,-0.130939,0.0,8.524614,9.147949,0.0,0.016827,-0.003025,0.0
3.34,-2.766446,-3.653624,0.0,-0.426499,-0.12445,0.0,411.561472,23.004053,0.0,0.80961,0.006489,0.0
3.35,-2.770543,-3.654898,0.0,-0.409661,-0.127408,0.0,8.524386,9.214807,0.0,0.016838,-0.002958,0.0
3.36,-2.774471,-3.656201,0.0,-0.392822,-0.130356,0.0,8.524386,9.214807,0.0,0.016839,-0.002948,0.0
3.37,-2.778231,-3.657534,0.0,-0.375982,-0.133294,0.0,8.524386,9.214807,0.0,0.01684,-0.002938,0.0
3.38,-2.781823,-3.658897,0.0,-0.359142,-0.136222,0.0,8.524275,9.214713,0.0,0.01684,-0.002928,0.0
3.39,-2.785246,-3.660288,0.0,-0.342301,-0.139139,0.0,8.52422,9.214631,0.0,0.016841,-0.002917,0.0
3.4,-2.7885,-3.661708,0.0,-0.32546,-0.142046,0.0,8.524165,9.214528,0.0,0.016841,-0.002907,0.0
3.41,-2.791586,-3.663158,0.0,-0.308618,-0.144941,0.0,8.524165,9.214528,0.0,0.016842,-0.002895,0.0
3.421,-2.792527,-3.664678,0.0,-0.094049,-0.152037,0.0,108.957227,9.214252,0.0,0.214569,-0.007096,0.0
3.43,-2.792527,-3.666244,0.0,-0.0,-0.156563,0.0,47.737128,9.214081,0.0,0.094049,-0.004526,0.0
3.44,-2.792358,-3.667838,0.0,0.01685,-0.159428,0.0,8.524004,9.214081,0.0,0.01685,-0.002865,0.0
3.451,-2.792021,-3.669461,0.0,0.033702,-0.162279,0.0,8.523951,9.213887,0.0,0.016852,-0.002851,0.0
3.461,-2.791516,-3.671112,0.0,0.050554,-0.165117,0.0,8.523847,9.213431,0.0,0.016852,-0.002838,0.0
3.47,-2.790842,-3.672791,0.0,0.067407,-0.167942,0.0,8.523795,9.213168,0.0,0.016853,-0.002825,0.0
3.48,-2.789999,-3.674499,0.0,0.084261,-0.170752,0.0,8.523795,9.213168,0.0,0.016854,-0.00281,0.0
3.491,-2.789999,-3.674499,0.0,0.084261,-0.170752,0.0,8.523795,9.213168,0.0,0.0,0.0,0.0
3.5,-2.787808,-3.677998,0.0,0.117972,-0.176329,0.0,8.523693,9.212577,0.0,0.033711,-0.005577,0.0
3.51,-2.78646,-3.679789,0.0,0.134829,-0.179097,0.0,8.523544,9.211519,0.0,0.016857,-0.002768,0.0
3.52,-2.784943,-3.681607,0.0,0.151687,-0.18185,0.0,8.523495,9.211122,0.0,0.016858,-0.002753,0.0
3.53,-2.783258,-3.683453,0.0,0.168546,-0.184586,0.0,8.523495,9.211122,0.0,0.016859,-0.002736,0.0
3.542,-2.783258,-3.683453,0.0,0.168546,-0.184586,0.0,8.523495,9.211122,0.0,0.0,0.0,0.0
3.55,-2.779381,-3.687226,0.0,0.202268,-0.190013,0.0,8.523351,9.209793,0.0,0.033722,-0.005427,0.0
3.56,-2.77719,-3.689153,0.0,0.21913,-0.192702,0.0,8.523304,9.209305,0.0,0.016862,-0.002689,0.0
3.57,-2.77483,-3.691107,0.0,0.235994,-0.195374,0.0,8.523304,9.209305,0.0,0.016864,-0.002672,0.0
3.58,-2.77483,-3.691107,0.0,0.235994,-0.195374,0.0,8.523304,9.209305,0.0,0.0,0.0,0.0
3.59,-2.769604,-3.695094,0.0,0.269724,-0.200666,0.0,8.523165,9.208259,0.0,0.03373,-0.005292,0.0
3.6,-2.766738,-3.697127,0.0,0.286591,-0.203286,0.0,8.523165,9.207705,0.0,0.016867,-0.00262,0.0
3.611,-2.766738,-3.697127,0.0,0.286591,-0.203286,0.0,8.523165,9.207705,0.0,0.0,0.0,0.0
3.62,-2.7605,-3.70127,0.0,0.320329,-0.208471,0.0,8.523075,9.206525,0.0,0.033738,-0.005185,0.0
3.63,-2.757128,-3.703381,0.0,0.3372,-0.211035,0.0,8.523075,9.206525,0.0,0.016871,-0.002564,0.0
3.64,-2.753587,-3.705517,0.0,0.354072,-0.213582,0.0,8.522986,9.205255,0.0,0.016872,-0.002547,0.0
3.65,-2.749878,-3.707678,0.0,0.370946,-0.216109,0.0,8.522943,9.204586,0.0,0.016874,-0.002527,0.0
3.663,-2.746,-3.709864,0.0,0.38782,-0.218617,0.0,8.5229,9.203894,0.0,0.016874,-0.002508,0.0
3.67,-2.741953,-3.712075,0.0,0.404696,-0.221105,0.0,8.522857,9.20318,0.0,0.016876,-0.002488,0.0
3.68,-2.737737,-3.714311,0.0,0.421574,-0.223572,0.0,8.522815,9.202443,0.0,0.016878,-0.002467,0.0
3.69,-2.733352,-3.716571,0.0,0.438452,-0.22602,0.0,8.522773,9.201684,0.0,0.016878,-0.002448,0.0
3.702,-2.728799,-3.718855,0.0,0.455332,-0.228446,0.0,8.522732,9.200902,0.0,0.01688,-0.002426,0.0
3.712,-2.724077,-3.721164,0.0,0.472213,-0.230852,0.0,8.522692,9.200097,0.0,0.016881,-0.002406,0.0
3.72,-2.719186,-3.723496,0.0,0.489096,-0.233236,0.0,8.522651,9.19927,0.0,0.016883,-0.002384,0.0
3.73,-2.714126,-3.725852,0.0,0.50598,-0.235596,0.0,8.522651,9.19927,0.0,0.016884,-0.00236,0.0
3.74,-2.708898,-3.728232,0.0,0.522865,-0.237936,0.0,8.522572,9.197548,0.0,0.016885,-0.00234,0.0
3.75,-2.7035,-3.730634,0.0,0.539752,-0.240254,0.0,8.522534,9.196653,0.0,0.016887,-0.002318,0.0
3.76,-2.697934,-3.73306,0.0,0.55664,-0.242549,0.0,8.522495,9.195735,0.0,0.016888,-0.002295,0.0
3.77,-2.692198,-3.735508,0.0,0.573529,-0.24482,0.0,8.522458,9.194795,0.0,0.016889,-0.002271,0.0
3.78,-2.686294,-3.737978,0.0,0.59042,-0.247067,0.0,8.522458,9.194795,0.0,0.016891,-0.002247,0.0
3.79,-2.680221,-3.740471,0.0,0.607313,-0.249291,0.0,8.522384,9.192846,0.0,0.016893,-0.002224,0.0
3.8,-2.673979,-3.742986,0.0,0.624206,-0.251491,0.0,8.522347,9.191838,0.0,0.016893,-0.0022,0.0
3.811,-2.667568,-3.745523,0.0,0.641102,-0.253665,0.0,8.522347,9.191838,0.0,0.016896,-0.002174,0.0
3.82,-2.660988,-3.748081,0.0,0.657998,-0.255814,0.0,8.522311,9.190808,0.0,0.016896,-0.002149,0.0
3.83,-2.654239,-3.75066,0.0,0.674896,-0.25794,0.0,8.522241,9.188679,0.0,0.016898,-0.002126,0.0
3.84,-2.647321,-3.753261,0.0,0.691796,-0.260038,0.0,8.522241,9.188679,0.0,0.0169,-0.002098,0.0
3.85,-2.640234,-3.755882,0.0,0.708696,-0.26211,0.0,8.522207,9.18758,0.0,0.0169,-0.002072,0.0
3.86,-2.632978,-3.758523,0.0,0.725599,-0.264156,0.0,8.52214,9.186458,0.0,0.016903,-0.002046,0.0
3.87,-2.625553,-3.761185,0.0,0.742502,-0.266178,0.0,8.522107,9.184149,0.0,0.016903,-0.002022,0.0
3.88,-2.617959,-3.763867,0.0,0.759408,-0.268173,0.0,8.522075,9.182961,0.0,0.016906,-0.001995,0.0
3.89,-2.610196,-3.766568,0.0,0.776314,-0.27014,0.0,8.522043,9.181749,0.0,0.016906,-0.001967,0.0
3.901,-2.602264,-3.769289,0.0,0.793222,-0.27208,0.0,8.522011,9.180515,0.0,0.016908,-0.00194,0.0
3.91,-2.594162,-3.772029,0.0,0.810132,-0.273991,0.0,8.52195,9.179257,0.0,0.01691,-0.001911,0.0
3.92,-2.585892,-3.774788,0.0,0.827043,-0.275875,0.0,8.52195,9.177979,0.0,0.016911,-0.001884,0.0
3.93,-2.577452,-3.777565,0.0,0.843955,-0.27773,0.0,8.521891,9.176676,0.0,0.016912,-0.001855,0.0
3.941,-2.577452,-3.777565,0.0,0.843955,-0.27773,0.0,8.521891,9.176676,0.0,0.0,0.0,0.0
3.95,-2.568844,-3.780361,0.0,0.860869,-0.279556,0.0,8.521863,9.175352,0.0,0.016914,-0.001826,0.0
3.96,-2.560066,-3.783174,0.0,0.877784,-0.281352,0.0,8.521834,9.174005,0.0,0.016915,-0.001796,0.0
3.972,-2.551119,-3.786005,0.0,0.8947,-0.283119,0.0,8.521807,9.172635,0.0,0.016916,-0.001767,0.0
3.98,-2.542003,-3.788854,0.0,0.911618,-0.284855,0.0,8.521779,9.171243,0.0,0.016918,-0.001736,0.0
3.99,-2.532717,-3.79172,0.0,0.928538,-0.286562,0.0,8.521753,9.169828,0.0,0.01692,-0.001707,0.0
4.0,-2.523263,-3.794602,0.0,0.945459,-0.288237,0.0,8.521753,9.168392,0.0,0.016921,-0.001675,0.0
4.011,-2.513639,-3.797501,0.0,0.962381,-0.289884,0.0,8.521676,9.165448,0.0,0.016922,-0.001647,0.0
4.02,-2.503846,-3.800416,0.0,0.979304,-0.291497,0.0,8.521676,9.165448,0.0,0.016923,-0.001613,0.0
4.03,-2.503846,-3.800416,0.0,0.979304,-0.291497,0.0,8.521676,9.165448,0.0,0.0,0.0,0.0
4.04,-2.483752,-3.806293,0.0,1.013156,-0.29463,0.0,8.521651,9.162416,0.0,0.033852,-0.003133,0.0
4.05,-2.473451,-3.809254,0.0,1.030083,-0.29615,0.0,8.521581,9.159292,0.0,0.016927,-0.00152,0.0
4.061,-2.462981,-3.812231,0.0,1.047012,-0.297633,0.0,8.521581,9.159292,0.0,0.016929,-0.001483,0.0
4.07,-2.452342,-3.815222,0.0,1.063942,-0.299084,0.0,8.521558,9.157697,0.0,0.01693,-0.001451,0.0
4.08,-2.441533,-3.818227,0.0,1.080874,-0.300504,0.0,8.521536,9.154438,0.0,0.016932,-0.00142,0.0
4.09,-2.430555,-3.821245,0.0,1.097807,-0.301887,0.0,8.521536,9.154438,0.0,0.016933,-0.001383,0.0
4.1,-2.419407,-3.824278,0.0,1.114741,-0.303239,0.0,8.521515,9.15109,0.0,0.016934,-0.001352,0.0
4.11,-2.408091,-3.827323,0.0,1.131677,-0.304557,0.0,8.521515,9.149382,0.0,0.016936,-0.001318,0.0
4.12,-2.396604,-3.830382,0.0,1.148613,-0.305837,0.0,8.521515,9.149382,0.0,0.016936,-0.00128,0.0
4.13,-2.384949,-3.833453,0.0,1.165551,-0.307078,0.0,8.521515,9.149382,0.0,0.016938,-0.001241,0.0
4.143,-2.373124,-3.836535,0.0,1.18249,-0.308287,0.0,8.521515,9.145898,0.0,0.016939,-0.001209,0.0
4.15,-2.36113,-3.83963,0.0,1.199431,-0.30946,0.0,8.521515,9.144123,0.0,0.016941,-0.001173,0.0
4.16,-2.36113,-3.83963,0.0,1.199431,-0.30946,0.0,8.521515,9.144123,0.0,0.0,0.0,0.0
4.17,-2.336633,-3.845853,0.0,1.233315,-0.311701,0.0,8.521515,9.140503,0.0,0.033884,-0.002241,0.0
4.181,-2.336633,-3.845853,0.0,1.233315,-0.311701,0.0,8.521515,9.140503,0.0,0.0,0.0,0.0
4.192,-2.32413,-3.848981,0.0,1.250259,-0.312761,0.0,8.521515,9.140503,0.0,0.016944,-0.00106,0.0
4.2,-2.311458,-3.852118,0.0,1.267204,-0.313781,0.0,8.521515,9.140503,0.0,0.016945,-0.00102,0.0
4.21,-2.298617,-3.855266,0.0,1.28415,-0.314759,0.0,8.521515,9.140503,0.0,0.016946,-0.000978,0.0
4.22,-2.285606,-3.858423,0.0,1.301096,-0.315697,0.0,8.521515,9.140503,0.0,0.016946,-0.000938,0.0
4.23,-2.272425,-3.861589,0.0,1.318044,-0.316592,0.0,8.521515,9.140503,0.0,0.016948,-0.000895,0.0
4.24,-2.259075,-3.864763,0.0,1.334993,-0.317446,0.0,8.521515,9.140503,0.0,0.016949,-0.000854,0.0
4.25,-2.245556,-3.867946,0.0,1.351942,-0.318257,0.0,8.521515,9.140503,0.0,0.016949,-0.000811,0.0
4.26,-2.231867,-3.871136,0.0,1.368892,-0.319026,0.0,8.521515,9.140503,0.0,0.01695,-0.000769,0.0
